0.01;1;79;48;3;31;60.76
0.01;2;79;47;4;32;59.49
0.01;3;79;52;8;27;65.82
0.01;4;79;48;5;31;60.76
0.01;5;79;50;5;29;63.29
0.01;6;79;50;4;29;63.29
0.01;7;79;50;5;29;63.29
0.01;8;79;51;8;28;64.56
0.01;9;79;54;6;25;68.35
0.01;10;79;52;4;27;65.82
0.01;11;79;47;2;32;59.49
0.01;12;79;52;3;27;65.82
0.01;13;79;51;3;28;64.56
0.01;14;79;50;5;29;63.29
0.01;15;79;53;8;26;67.09
0.01;16;79;44;8;35;55.70
0.01;17;79;40;7;39;50.63
0.01;18;79;52;5;27;65.82
0.01;19;79;42;1;37;53.16
0.01;20;79;59;4;20;74.68
0.01;21;79;53;8;26;67.09
0.01;22;79;50;9;29;63.29
0.01;23;79;52;5;27;65.82
0.01;24;79;54;10;25;68.35
0.01;25;79;43;7;36;54.43
0.01;26;79;48;7;31;60.76
0.01;27;79;50;6;29;63.29
0.01;28;79;50;8;29;63.29
0.01;29;79;43;4;36;54.43
0.01;30;79;51;8;28;64.56
0.01;31;79;57;7;22;72.15
0.01;32;79;49;3;30;62.03
0.01;33;79;40;3;39;50.63
0.01;34;79;44;4;35;55.70
0.01;35;79;55;1;24;69.62
0.01;36;79;50;8;29;63.29
0.01;37;79;44;6;35;55.70
0.01;38;79;51;9;28;64.56
0.01;39;79;48;7;31;60.76
0.01;40;79;54;6;25;68.35
0.01;41;79;54;4;25;68.35
0.01;42;79;51;5;28;64.56
0.01;43;79;47;6;32;59.49
0.01;44;79;45;7;34;56.96
0.01;45;79;43;3;36;54.43
0.01;46;79;58;2;21;73.42
0.01;47;79;46;3;33;58.23
0.01;48;79;45;5;34;56.96
0.01;49;79;55;3;24;69.62
0.01;50;79;53;5;26;67.09
0.01;51;79;50;4;29;63.29
0.01;52;79;48;6;31;60.76
0.01;53;79;53;6;26;67.09
0.01;54;79;53;7;26;67.09
0.01;55;79;56;3;23;70.89
0.01;56;79;48;8;31;60.76
0.01;57;79;47;9;32;59.49
0.01;58;79;47;3;32;59.49
0.01;59;79;54;9;25;68.35
0.01;60;79;48;5;31;60.76
0.01;61;79;54;6;25;68.35
0.01;62;79;52;3;27;65.82
0.01;63;79;49;2;30;62.03
0.01;64;79;47;6;32;59.49
0.01;65;79;51;3;28;64.56
0.01;66;79;53;4;26;67.09
0.01;67;79;47;7;32;59.49
0.01;68;79;45;3;34;56.96
0.01;69;79;46;5;33;58.23
0.01;70;79;41;5;38;51.90
0.01;71;79;54;4;25;68.35
0.01;72;79;53;6;26;67.09
0.01;73;79;45;7;34;56.96
0.01;74;79;54;6;25;68.35
0.01;75;79;48;4;31;60.76
0.01;76;79;56;3;23;70.89
0.01;77;79;60;10;19;75.95
0.01;78;79;58;4;21;73.42
0.01;79;79;53;5;26;67.09
0.01;80;79;51;3;28;64.56
0.01;81;79;41;1;38;51.90
0.01;82;79;44;2;35;55.70
0.01;83;79;48;5;31;60.76
0.01;84;79;46;3;33;58.23
0.01;85;79;46;5;33;58.23
0.01;86;79;48;5;31;60.76
0.01;87;79;53;6;26;67.09
0.01;88;79;51;4;28;64.56
0.01;89;79;50;9;29;63.29
0.01;90;79;50;4;29;63.29
0.01;91;79;52;5;27;65.82
0.01;92;79;53;8;26;67.09
0.01;93;79;47;6;32;59.49
0.01;94;79;50;7;29;63.29
0.01;95;79;47;5;32;59.49
0.01;96;79;48;5;31;60.76
0.01;97;79;51;6;28;64.56
0.01;98;79;54;9;25;68.35
0.01;99;79;45;3;34;56.96
0.01;100;79;47;6;32;59.49
0.02;1;158;110;8;48;69.62
0.02;2;158;100;9;58;63.29
0.02;3;158;83;6;75;52.53
0.02;4;158;86;7;72;54.43
0.02;5;158;93;8;65;58.86
0.02;6;158;96;7;62;60.76
0.02;7;158;100;8;58;63.29
0.02;8;158;89;8;69;56.33
0.02;9;158;102;5;56;64.56
0.02;10;158;96;8;62;60.76
0.02;11;158;99;3;59;62.66
0.02;12;158;88;5;70;55.70
0.02;13;158;104;13;54;65.82
0.02;14;158;108;8;50;68.35
0.02;15;158;99;12;59;62.66
0.02;16;158;103;9;55;65.19
0.02;17;158;101;8;57;63.92
0.02;18;158;98;8;60;62.03
0.02;19;158;104;12;54;65.82
0.02;20;158;91;8;67;57.59
0.02;21;158;96;7;62;60.76
0.02;22;158;102;10;56;64.56
0.02;23;158;96;14;62;60.76
0.02;24;158;95;9;63;60.13
0.02;25;158;103;13;55;65.19
0.02;26;158;106;10;52;67.09
0.02;27;158;101;16;57;63.92
0.02;28;158;102;12;56;64.56
0.02;29;158;90;10;68;56.96
0.02;30;158;105;9;53;66.46
0.02;31;158;101;11;57;63.92
0.02;32;158;97;12;61;61.39
0.02;33;158;87;7;71;55.06
0.02;34;158;95;11;63;60.13
0.02;35;158;107;11;51;67.72
0.02;36;158;90;9;68;56.96
0.02;37;158;87;9;71;55.06
0.02;38;158;94;13;64;59.49
0.02;39;158;92;13;66;58.23
0.02;40;158;101;7;57;63.92
0.02;41;158;102;15;56;64.56
0.02;42;158;91;13;67;57.59
0.02;43;158;101;14;57;63.92
0.02;44;158;84;12;74;53.16
0.02;45;158;91;5;67;57.59
0.02;46;158;95;8;63;60.13
0.02;47;158;101;8;57;63.92
0.02;48;158;105;13;53;66.46
0.02;49;158;85;7;73;53.80
0.02;50;158;85;7;73;53.80
0.02;51;158;104;6;54;65.82
0.02;52;158;91;7;67;57.59
0.02;53;158;97;8;61;61.39
0.02;54;158;100;8;58;63.29
0.02;55;158;97;10;61;61.39
0.02;56;158;102;11;56;64.56
0.02;57;158;93;10;65;58.86
0.02;58;158;101;12;57;63.92
0.02;59;158;100;9;58;63.29
0.02;60;158;101;6;57;63.92
0.02;61;158;109;14;49;68.99
0.02;62;158;105;15;53;66.46
0.02;63;158;90;7;68;56.96
0.02;64;158;107;11;51;67.72
0.02;65;158;102;10;56;64.56
0.02;66;158;99;11;59;62.66
0.02;67;158;94;8;64;59.49
0.02;68;158;101;6;57;63.92
0.02;69;158;100;10;58;63.29
0.02;70;158;88;10;70;55.70
0.02;71;158;104;9;54;65.82
0.02;72;158;110;12;48;69.62
0.02;73;158;100;7;58;63.29
0.02;74;158;98;7;60;62.03
0.02;75;158;111;9;47;70.25
0.02;76;158;91;6;67;57.59
0.02;77;158;87;10;71;55.06
0.02;78;158;102;7;56;64.56
0.02;79;158;105;12;53;66.46
0.02;80;158;92;7;66;58.23
0.02;81;158;94;5;64;59.49
0.02;82;158;101;7;57;63.92
0.02;83;158;96;9;62;60.76
0.02;84;158;98;15;60;62.03
0.02;85;158;97;12;61;61.39
0.02;86;158;83;4;75;52.53
0.02;87;158;108;15;50;68.35
0.02;88;158;98;7;60;62.03
0.02;89;158;99;10;59;62.66
0.02;90;158;99;7;59;62.66
0.02;91;158;102;12;56;64.56
0.02;92;158;88;7;70;55.70
0.02;93;158;93;4;65;58.86
0.02;94;158;99;11;59;62.66
0.02;95;158;96;7;62;60.76
0.02;96;158;93;14;65;58.86
0.02;97;158;97;10;61;61.39
0.02;98;158;107;10;51;67.72
0.02;99;158;96;9;62;60.76
0.02;100;158;83;12;75;52.53
0.03;1;237;139;14;98;58.65
0.03;2;237;149;11;88;62.87
0.03;3;237;152;13;85;64.14
0.03;4;237;142;10;95;59.92
0.03;5;237;158;12;79;66.67
0.03;6;237;135;14;102;56.96
0.03;7;237;136;12;101;57.38
0.03;8;237;145;19;92;61.18
0.03;9;237;146;7;91;61.60
0.03;10;237;149;16;88;62.87
0.03;11;237;134;15;103;56.54
0.03;12;237;138;14;99;58.23
0.03;13;237;159;20;78;67.09
0.03;14;237;151;23;86;63.71
0.03;15;237;140;22;97;59.07
0.03;16;237;152;10;85;64.14
0.03;17;237;144;19;93;60.76
0.03;18;237;154;9;83;64.98
0.03;19;237;138;18;99;58.23
0.03;20;237;139;17;98;58.65
0.03;21;237;146;20;91;61.60
0.03;22;237;147;5;90;62.03
0.03;23;237;163;16;74;68.78
0.03;24;237;145;9;92;61.18
0.03;25;237;146;17;91;61.60
0.03;26;237;152;13;85;64.14
0.03;27;237;162;17;75;68.35
0.03;28;237;140;18;97;59.07
0.03;29;237;150;14;87;63.29
0.03;30;237;156;12;81;65.82
0.03;31;237;139;11;98;58.65
0.03;32;237;147;15;90;62.03
0.03;33;237;155;14;82;65.40
0.03;34;237;154;19;83;64.98
0.03;35;237;146;14;91;61.60
0.03;36;237;146;19;91;61.60
0.03;37;237;142;12;95;59.92
0.03;38;237;144;10;93;60.76
0.03;39;237;145;9;92;61.18
0.03;40;237;141;12;96;59.49
0.03;41;237;144;15;93;60.76
0.03;42;237;147;13;90;62.03
0.03;43;237;154;9;83;64.98
0.03;44;237;145;9;92;61.18
0.03;45;237;145;14;92;61.18
0.03;46;237;134;16;103;56.54
0.03;47;237;144;11;93;60.76
0.03;48;237;144;13;93;60.76
0.03;49;237;146;16;91;61.60
0.03;50;237;151;16;86;63.71
0.03;51;237;154;16;83;64.98
0.03;52;237;153;13;84;64.56
0.03;53;237;140;11;97;59.07
0.03;54;237;147;15;90;62.03
0.03;55;237;132;16;105;55.70
0.03;56;237;149;9;88;62.87
0.03;57;237;131;16;106;55.27
0.03;58;237;150;15;87;63.29
0.03;59;237;152;15;85;64.14
0.03;60;237;141;15;96;59.49
0.03;61;237;138;18;99;58.23
0.03;62;237;143;15;94;60.34
0.03;63;237;147;13;90;62.03
0.03;64;237;152;8;85;64.14
0.03;65;237;138;18;99;58.23
0.03;66;237;152;17;85;64.14
0.03;67;237;139;17;98;58.65
0.03;68;237;138;13;99;58.23
0.03;69;237;149;18;88;62.87
0.03;70;237;143;20;94;60.34
0.03;71;237;144;25;93;60.76
0.03;72;237;153;15;84;64.56
0.03;73;237;148;8;89;62.45
0.03;74;237;157;13;80;66.24
0.03;75;237;149;17;88;62.87
0.03;76;237;145;12;92;61.18
0.03;77;237;143;12;94;60.34
0.03;78;237;141;16;96;59.49
0.03;79;237;146;18;91;61.60
0.03;80;237;151;8;86;63.71
0.03;81;237;134;16;103;56.54
0.03;82;237;155;18;82;65.40
0.03;83;237;150;10;87;63.29
0.03;84;237;144;15;93;60.76
0.03;85;237;151;13;86;63.71
0.03;86;237;155;14;82;65.40
0.03;87;237;145;16;92;61.18
0.03;88;237;144;11;93;60.76
0.03;89;237;163;18;74;68.78
0.03;90;237;152;11;85;64.14
0.03;91;237;141;11;96;59.49
0.03;92;237;147;11;90;62.03
0.03;93;237;145;13;92;61.18
0.03;94;237;143;14;94;60.34
0.03;95;237;159;14;78;67.09
0.03;96;237;142;15;95;59.92
0.03;97;237;156;9;81;65.82
0.03;98;237;146;19;91;61.60
0.03;99;237;152;20;85;64.14
0.03;100;237;152;13;85;64.14
0.04;1;316;182;19;134;57.59
0.04;2;316;191;16;125;60.44
0.04;3;316;195;20;121;61.71
0.04;4;316;195;20;121;61.71
0.04;5;316;189;7;127;59.81
0.04;6;316;178;15;138;56.33
0.04;7;316;210;23;106;66.46
0.04;8;316;183;12;133;57.91
0.04;9;316;189;16;127;59.81
0.04;10;316;201;20;115;63.61
0.04;11;316;187;23;129;59.18
0.04;12;316;191;16;125;60.44
0.04;13;316;187;25;129;59.18
0.04;14;316;197;14;119;62.34
0.04;15;316;210;21;106;66.46
0.04;16;316;207;14;109;65.51
0.04;17;316;198;12;118;62.66
0.04;18;316;192;19;124;60.76
0.04;19;316;208;22;108;65.82
0.04;20;316;202;19;114;63.92
0.04;21;316;201;18;115;63.61
0.04;22;316;193;11;123;61.08
0.04;23;316;194;17;122;61.39
0.04;24;316;192;15;124;60.76
0.04;25;316;199;17;117;62.97
0.04;26;316;191;22;125;60.44
0.04;27;316;198;17;118;62.66
0.04;28;316;205;23;111;64.87
0.04;29;316;190;21;126;60.13
0.04;30;316;200;19;116;63.29
0.04;31;316;191;13;125;60.44
0.04;32;316;201;23;115;63.61
0.04;33;316;212;21;104;67.09
0.04;34;316;192;20;124;60.76
0.04;35;316;209;16;107;66.14
0.04;36;316;195;17;121;61.71
0.04;37;316;198;18;118;62.66
0.04;38;316;202;14;114;63.92
0.04;39;316;220;17;96;69.62
0.04;40;316;214;22;102;67.72
0.04;41;316;208;16;108;65.82
0.04;42;316;180;16;136;56.96
0.04;43;316;189;18;127;59.81
0.04;44;316;204;21;112;64.56
0.04;45;316;191;27;125;60.44
0.04;46;316;192;17;124;60.76
0.04;47;316;181;17;135;57.28
0.04;48;316;216;16;100;68.35
0.04;49;316;192;16;124;60.76
0.04;50;316;191;26;125;60.44
0.04;51;316;197;17;119;62.34
0.04;52;316;200;22;116;63.29
0.04;53;316;194;17;122;61.39
0.04;54;316;191;17;125;60.44
0.04;55;316;194;25;122;61.39
0.04;56;316;201;18;115;63.61
0.04;57;316;202;23;114;63.92
0.04;58;316;204;19;112;64.56
0.04;59;316;197;22;119;62.34
0.04;60;316;196;20;120;62.03
0.04;61;316;193;22;123;61.08
0.04;62;316;203;21;113;64.24
0.04;63;316;205;23;111;64.87
0.04;64;316;174;23;142;55.06
0.04;65;316;192;17;124;60.76
0.04;66;316;199;20;117;62.97
0.04;67;316;201;21;115;63.61
0.04;68;316;195;18;121;61.71
0.04;69;316;188;20;128;59.49
0.04;70;316;204;18;112;64.56
0.04;71;316;190;15;126;60.13
0.04;72;316;187;18;129;59.18
0.04;73;316;202;23;114;63.92
0.04;74;316;182;21;134;57.59
0.04;75;316;190;18;126;60.13
0.04;76;316;185;16;131;58.54
0.04;77;316;197;15;119;62.34
0.04;78;316;191;19;125;60.44
0.04;79;316;210;26;106;66.46
0.04;80;316;185;20;131;58.54
0.04;81;316;196;24;120;62.03
0.04;82;316;182;18;134;57.59
0.04;83;316;192;17;124;60.76
0.04;84;316;193;15;123;61.08
0.04;85;316;198;12;118;62.66
0.04;86;316;203;20;113;64.24
0.04;87;316;191;25;125;60.44
0.04;88;316;202;23;114;63.92
0.04;89;316;204;17;112;64.56
0.04;90;316;192;16;124;60.76
0.04;91;316;196;25;120;62.03
0.04;92;316;200;34;116;63.29
0.04;93;316;200;22;116;63.29
0.04;94;316;203;31;113;64.24
0.04;95;316;207;19;109;65.51
0.04;96;316;187;14;129;59.18
0.04;97;316;199;22;117;62.97
0.04;98;316;190;18;126;60.13
0.04;99;316;209;18;107;66.14
0.04;100;316;206;19;110;65.19
0.05;1;394;242;23;152;61.42
0.05;2;394;247;29;147;62.69
0.05;3;394;236;23;158;59.90
0.05;4;394;233;30;161;59.14
0.05;5;394;235;19;159;59.64
0.05;6;394;253;24;141;64.21
0.05;7;394;237;26;157;60.15
0.05;8;394;242;22;152;61.42
0.05;9;394;232;21;162;58.88
0.05;10;394;240;19;154;60.91
0.05;11;394;247;22;147;62.69
0.05;12;394;247;24;147;62.69
0.05;13;394;244;24;150;61.93
0.05;14;394;246;20;148;62.44
0.05;15;394;242;20;152;61.42
0.05;16;394;245;26;149;62.18
0.05;17;394;256;24;138;64.97
0.05;18;394;242;26;152;61.42
0.05;19;394;243;29;151;61.68
0.05;20;394;254;20;140;64.47
0.05;21;394;241;24;153;61.17
0.05;22;394;253;32;141;64.21
0.05;23;394;249;33;145;63.20
0.05;24;394;241;27;153;61.17
0.05;25;394;249;23;145;63.20
0.05;26;394;225;22;169;57.11
0.05;27;394;242;22;152;61.42
0.05;28;394;241;32;153;61.17
0.05;29;394;236;21;158;59.90
0.05;30;394;262;22;132;66.50
0.05;31;394;252;19;142;63.96
0.05;32;394;250;30;144;63.45
0.05;33;394;248;22;146;62.94
0.05;34;394;234;22;160;59.39
0.05;35;394;238;27;156;60.41
0.05;36;394;227;17;167;57.61
0.05;37;394;258;25;136;65.48
0.05;38;394;252;23;142;63.96
0.05;39;394;239;25;155;60.66
0.05;40;394;239;24;155;60.66
0.05;41;394;243;24;151;61.68
0.05;42;394;229;25;165;58.12
0.05;43;394;239;30;155;60.66
0.05;44;394;251;29;143;63.71
0.05;45;394;248;19;146;62.94
0.05;46;394;238;24;156;60.41
0.05;47;394;240;19;154;60.91
0.05;48;394;244;25;150;61.93
0.05;49;394;251;21;143;63.71
0.05;50;394;243;23;151;61.68
0.05;51;394;241;20;153;61.17
0.05;52;394;252;29;142;63.96
0.05;53;394;252;32;142;63.96
0.05;54;394;251;22;143;63.71
0.05;55;394;249;34;145;63.20
0.05;56;394;236;22;158;59.90
0.05;57;394;236;20;158;59.90
0.05;58;394;245;26;149;62.18
0.05;59;394;260;31;134;65.99
0.05;60;394;225;26;169;57.11
0.05;61;394;254;20;140;64.47
0.05;62;394;255;22;139;64.72
0.05;63;394;240;24;154;60.91
0.05;64;394;235;28;159;59.64
0.05;65;394;247;26;147;62.69
0.05;66;394;258;28;136;65.48
0.05;67;394;231;20;163;58.63
0.05;68;394;231;24;163;58.63
0.05;69;394;233;19;161;59.14
0.05;70;394;249;19;145;63.20
0.05;71;394;255;26;139;64.72
0.05;72;394;231;27;163;58.63
0.05;73;394;263;32;131;66.75
0.05;74;394;245;27;149;62.18
0.05;75;394;238;20;156;60.41
0.05;76;394;250;29;144;63.45
0.05;77;394;248;22;146;62.94
0.05;78;394;248;26;146;62.94
0.05;79;394;244;18;150;61.93
0.05;80;394;241;19;153;61.17
0.05;81;394;251;27;143;63.71
0.05;82;394;259;28;135;65.74
0.05;83;394;240;22;154;60.91
0.05;84;394;248;30;146;62.94
0.05;85;394;249;22;145;63.20
0.05;86;394;253;14;141;64.21
0.05;87;394;232;12;162;58.88
0.05;88;394;229;21;165;58.12
0.05;89;394;251;14;143;63.71
0.05;90;394;241;25;153;61.17
0.05;91;394;244;23;150;61.93
0.05;92;394;242;16;152;61.42
0.05;93;394;234;20;160;59.39
0.05;94;394;243;20;151;61.68
0.05;95;394;248;32;146;62.94
0.05;96;394;234;22;160;59.39
0.05;97;394;249;25;145;63.20
0.05;98;394;241;23;153;61.17
0.05;99;394;239;22;155;60.66
0.05;100;394;252;30;142;63.96
0.06;1;473;297;27;176;62.79
0.06;2;473;280;26;193;59.20
0.06;3;473;298;17;175;63.00
0.06;4;473;309;38;164;65.33
0.06;5;473;311;30;162;65.75
0.06;6;473;288;22;185;60.89
0.06;7;473;273;28;200;57.72
0.06;8;473;292;27;181;61.73
0.06;9;473;300;25;173;63.42
0.06;10;473;283;20;190;59.83
0.06;11;473;281;21;192;59.41
0.06;12;473;288;22;185;60.89
0.06;13;473;295;29;178;62.37
0.06;14;473;291;34;182;61.52
0.06;15;473;303;28;170;64.06
0.06;16;473;299;31;174;63.21
0.06;17;473;282;28;191;59.62
0.06;18;473;297;25;176;62.79
0.06;19;473;313;26;160;66.17
0.06;20;473;303;26;170;64.06
0.06;21;473;293;29;180;61.95
0.06;22;473;287;24;186;60.68
0.06;23;473;285;28;188;60.25
0.06;24;473;282;32;191;59.62
0.06;25;473;315;34;158;66.60
0.06;26;473;284;28;189;60.04
0.06;27;473;322;23;151;68.08
0.06;28;473;299;23;174;63.21
0.06;29;473;294;37;179;62.16
0.06;30;473;290;26;183;61.31
0.06;31;473;295;21;178;62.37
0.06;32;473;287;37;186;60.68
0.06;33;473;301;30;172;63.64
0.06;34;473;289;24;184;61.10
0.06;35;473;294;36;179;62.16
0.06;36;473;303;30;170;64.06
0.06;37;473;294;30;179;62.16
0.06;38;473;282;26;191;59.62
0.06;39;473;302;36;171;63.85
0.06;40;473;293;26;180;61.95
0.06;41;473;300;23;173;63.42
0.06;42;473;300;31;173;63.42
0.06;43;473;300;33;173;63.42
0.06;44;473;295;32;178;62.37
0.06;45;473;286;27;187;60.47
0.06;46;473;300;28;173;63.42
0.06;47;473;290;39;183;61.31
0.06;48;473;294;23;179;62.16
0.06;49;473;292;23;181;61.73
0.06;50;473;307;32;166;64.90
0.06;51;473;294;20;179;62.16
0.06;52;473;287;34;186;60.68
0.06;53;473;279;41;194;58.99
0.06;54;473;302;35;171;63.85
0.06;55;473;303;25;170;64.06
0.06;56;473;304;25;169;64.27
0.06;57;473;307;35;166;64.90
0.06;58;473;313;26;160;66.17
0.06;59;473;295;23;178;62.37
0.06;60;473;285;40;188;60.25
0.06;61;473;295;23;178;62.37
0.06;62;473;306;32;167;64.69
0.06;63;473;299;31;174;63.21
0.06;64;473;308;29;165;65.12
0.06;65;473;307;29;166;64.90
0.06;66;473;316;27;157;66.81
0.06;67;473;304;31;169;64.27
0.06;68;473;297;24;176;62.79
0.06;69;473;300;28;173;63.42
0.06;70;473;298;22;175;63.00
0.06;71;473;282;21;191;59.62
0.06;72;473;302;37;171;63.85
0.06;73;473;300;24;173;63.42
0.06;74;473;298;36;175;63.00
0.06;75;473;288;31;185;60.89
0.06;76;473;300;29;173;63.42
0.06;77;473;300;35;173;63.42
0.06;78;473;295;29;178;62.37
0.06;79;473;299;24;174;63.21
0.06;80;473;279;29;194;58.99
0.06;81;473;293;24;180;61.95
0.06;82;473;270;30;203;57.08
0.06;83;473;289;29;184;61.10
0.06;84;473;267;29;206;56.45
0.06;85;473;303;25;170;64.06
0.06;86;473;307;20;166;64.90
0.06;87;473;291;31;182;61.52
0.06;88;473;286;25;187;60.47
0.06;89;473;298;26;175;63.00
0.06;90;473;294;26;179;62.16
0.06;91;473;302;27;171;63.85
0.06;92;473;305;39;168;64.48
0.06;93;473;290;23;183;61.31
0.06;94;473;278;23;195;58.77
0.06;95;473;305;40;168;64.48
0.06;96;473;293;31;180;61.95
0.06;97;473;296;37;177;62.58
0.06;98;473;297;33;176;62.79
0.06;99;473;304;32;169;64.27
0.06;100;473;283;32;190;59.83
0.07;1;552;346;30;206;62.68
0.07;2;552;346;34;206;62.68
0.07;3;552;345;34;207;62.50
0.07;4;552;347;34;205;62.86
0.07;5;552;346;39;206;62.68
0.07;6;552;349;31;203;63.22
0.07;7;552;356;40;196;64.49
0.07;8;552;343;28;209;62.14
0.07;9;552;332;32;220;60.14
0.07;10;552;339;36;213;61.41
0.07;11;552;346;35;206;62.68
0.07;12;552;336;35;216;60.87
0.07;13;552;322;33;230;58.33
0.07;14;552;353;29;199;63.95
0.07;15;552;363;30;189;65.76
0.07;16;552;344;34;208;62.32
0.07;17;552;331;36;221;59.96
0.07;18;552;358;39;194;64.86
0.07;19;552;338;41;214;61.23
0.07;20;552;338;22;214;61.23
0.07;21;552;333;38;219;60.33
0.07;22;552;346;28;206;62.68
0.07;23;552;333;30;219;60.33
0.07;24;552;352;38;200;63.77
0.07;25;552;319;40;233;57.79
0.07;26;552;352;35;200;63.77
0.07;27;552;342;40;210;61.96
0.07;28;552;335;31;217;60.69
0.07;29;552;346;29;206;62.68
0.07;30;552;337;35;215;61.05
0.07;31;552;322;34;230;58.33
0.07;32;552;349;30;203;63.22
0.07;33;552;358;39;194;64.86
0.07;34;552;338;35;214;61.23
0.07;35;552;351;33;201;63.59
0.07;36;552;353;34;199;63.95
0.07;37;552;346;44;206;62.68
0.07;38;552;351;30;201;63.59
0.07;39;552;348;26;204;63.04
0.07;40;552;354;36;198;64.13
0.07;41;552;338;34;214;61.23
0.07;42;552;363;36;189;65.76
0.07;43;552;348;32;204;63.04
0.07;44;552;340;23;212;61.59
0.07;45;552;342;31;210;61.96
0.07;46;552;337;29;215;61.05
0.07;47;552;351;51;201;63.59
0.07;48;552;348;37;204;63.04
0.07;49;552;351;41;201;63.59
0.07;50;552;333;33;219;60.33
0.07;51;552;328;37;224;59.42
0.07;52;552;332;37;220;60.14
0.07;53;552;351;26;201;63.59
0.07;54;552;331;34;221;59.96
0.07;55;552;335;36;217;60.69
0.07;56;552;362;40;190;65.58
0.07;57;552;340;40;212;61.59
0.07;58;552;349;31;203;63.22
0.07;59;552;338;32;214;61.23
0.07;60;552;339;34;213;61.41
0.07;61;552;341;40;211;61.78
0.07;62;552;352;30;200;63.77
0.07;63;552;351;28;201;63.59
0.07;64;552;354;40;198;64.13
0.07;65;552;354;32;198;64.13
0.07;66;552;345;30;207;62.50
0.07;67;552;330;28;222;59.78
0.07;68;552;323;31;229;58.51
0.07;69;552;328;33;224;59.42
0.07;70;552;334;36;218;60.51
0.07;71;552;340;45;212;61.59
0.07;72;552;319;31;233;57.79
0.07;73;552;329;35;223;59.60
0.07;74;552;317;38;235;57.43
0.07;75;552;345;33;207;62.50
0.07;76;552;369;38;183;66.85
0.07;77;552;351;32;201;63.59
0.07;78;552;336;31;216;60.87
0.07;79;552;342;32;210;61.96
0.07;80;552;334;40;218;60.51
0.07;81;552;325;32;227;58.88
0.07;82;552;325;33;227;58.88
0.07;83;552;357;25;195;64.67
0.07;84;552;334;33;218;60.51
0.07;85;552;346;46;206;62.68
0.07;86;552;338;37;214;61.23
0.07;87;552;345;26;207;62.50
0.07;88;552;359;31;193;65.04
0.07;89;552;359;28;193;65.04
0.07;90;552;353;35;199;63.95
0.07;91;552;344;41;208;62.32
0.07;92;552;347;29;205;62.86
0.07;93;552;333;25;219;60.33
0.07;94;552;351;37;201;63.59
0.07;95;552;340;29;212;61.59
0.07;96;552;355;37;197;64.31
0.07;97;552;356;20;196;64.49
0.07;98;552;353;38;199;63.95
0.07;99;552;353;40;199;63.95
0.07;100;552;332;33;220;60.14
0.08;1;631;395;38;236;62.60
0.08;2;631;388;38;243;61.49
0.08;3;631;391;36;240;61.97
0.08;4;631;413;47;218;65.45
0.08;5;631;408;41;223;64.66
0.08;6;631;383;29;248;60.70
0.08;7;631;382;33;249;60.54
0.08;8;631;415;37;216;65.77
0.08;9;631;402;35;229;63.71
0.08;10;631;375;32;256;59.43
0.08;11;631;384;44;247;60.86
0.08;12;631;380;28;251;60.22
0.08;13;631;388;44;243;61.49
0.08;14;631;390;34;241;61.81
0.08;15;631;390;38;241;61.81
0.08;16;631;403;43;228;63.87
0.08;17;631;428;40;203;67.83
0.08;18;631;401;29;230;63.55
0.08;19;631;398;32;233;63.07
0.08;20;631;376;29;255;59.59
0.08;21;631;390;32;241;61.81
0.08;22;631;383;29;248;60.70
0.08;23;631;395;34;236;62.60
0.08;24;631;381;31;250;60.38
0.08;25;631;374;38;257;59.27
0.08;26;631;376;41;255;59.59
0.08;27;631;404;41;227;64.03
0.08;28;631;425;49;206;67.35
0.08;29;631;398;33;233;63.07
0.08;30;631;397;40;234;62.92
0.08;31;631;394;32;237;62.44
0.08;32;631;391;42;240;61.97
0.08;33;631;382;35;249;60.54
0.08;34;631;402;32;229;63.71
0.08;35;631;384;41;247;60.86
0.08;36;631;390;27;241;61.81
0.08;37;631;386;49;245;61.17
0.08;38;631;363;36;268;57.53
0.08;39;631;402;39;229;63.71
0.08;40;631;405;45;226;64.18
0.08;41;631;396;44;235;62.76
0.08;42;631;401;27;230;63.55
0.08;43;631;381;32;250;60.38
0.08;44;631;401;42;230;63.55
0.08;45;631;387;30;244;61.33
0.08;46;631;397;42;234;62.92
0.08;47;631;415;47;216;65.77
0.08;48;631;392;37;239;62.12
0.08;49;631;388;39;243;61.49
0.08;50;631;375;43;256;59.43
0.08;51;631;398;35;233;63.07
0.08;52;631;389;38;242;61.65
0.08;53;631;398;25;233;63.07
0.08;54;631;400;32;231;63.39
0.08;55;631;400;36;231;63.39
0.08;56;631;410;36;221;64.98
0.08;57;631;401;43;230;63.55
0.08;58;631;384;41;247;60.86
0.08;59;631;389;31;242;61.65
0.08;60;631;400;42;231;63.39
0.08;61;631;392;47;239;62.12
0.08;62;631;379;34;252;60.06
0.08;63;631;384;44;247;60.86
0.08;64;631;387;45;244;61.33
0.08;65;631;409;43;222;64.82
0.08;66;631;392;40;239;62.12
0.08;67;631;375;43;256;59.43
0.08;68;631;410;50;221;64.98
0.08;69;631;376;29;255;59.59
0.08;70;631;399;50;232;63.23
0.08;71;631;394;38;237;62.44
0.08;72;631;382;41;249;60.54
0.08;73;631;396;38;235;62.76
0.08;74;631;387;33;244;61.33
0.08;75;631;388;43;243;61.49
0.08;76;631;387;30;244;61.33
0.08;77;631;389;47;242;61.65
0.08;78;631;399;46;232;63.23
0.08;79;631;390;46;241;61.81
0.08;80;631;413;43;218;65.45
0.08;81;631;398;47;233;63.07
0.08;82;631;405;45;226;64.18
0.08;83;631;388;46;243;61.49
0.08;84;631;400;35;231;63.39
0.08;85;631;392;41;239;62.12
0.08;86;631;389;30;242;61.65
0.08;87;631;398;41;233;63.07
0.08;88;631;396;36;235;62.76
0.08;89;631;388;38;243;61.49
0.08;90;631;393;39;238;62.28
0.08;91;631;399;33;232;63.23
0.08;92;631;371;37;260;58.80
0.08;93;631;396;48;235;62.76
0.08;94;631;376;43;255;59.59
0.08;95;631;406;42;225;64.34
0.08;96;631;400;38;231;63.39
0.08;97;631;371;27;260;58.80
0.08;98;631;395;31;236;62.60
0.08;99;631;398;39;233;63.07
0.08;100;631;393;35;238;62.28
0.09;1;710;429;31;281;60.42
0.09;2;710;420;51;290;59.15
0.09;3;710;441;52;269;62.11
0.09;4;710;451;48;259;63.52
0.09;5;710;441;39;269;62.11
0.09;6;710;441;48;269;62.11
0.09;7;710;441;47;269;62.11
0.09;8;710;427;40;283;60.14
0.09;9;710;458;45;252;64.51
0.09;10;710;455;50;255;64.08
0.09;11;710;451;54;259;63.52
0.09;12;710;457;41;253;64.37
0.09;13;710;431;52;279;60.70
0.09;14;710;452;50;258;63.66
0.09;15;710;424;39;286;59.72
0.09;16;710;451;48;259;63.52
0.09;17;710;439;55;271;61.83
0.09;18;710;437;47;273;61.55
0.09;19;710;457;49;253;64.37
0.09;20;710;423;43;287;59.58
0.09;21;710;435;39;275;61.27
0.09;22;710;450;37;260;63.38
0.09;23;710;458;45;252;64.51
0.09;24;710;450;41;260;63.38
0.09;25;710;464;39;246;65.35
0.09;26;710;444;43;266;62.54
0.09;27;710;448;51;262;63.10
0.09;28;710;433;39;277;60.99
0.09;29;710;443;40;267;62.39
0.09;30;710;441;52;269;62.11
0.09;31;710;422;35;288;59.44
0.09;32;710;455;45;255;64.08
0.09;33;710;457;41;253;64.37
0.09;34;710;420;42;290;59.15
0.09;35;710;434;41;276;61.13
0.09;36;710;448;33;262;63.10
0.09;37;710;438;45;272;61.69
0.09;38;710;444;30;266;62.54
0.09;39;710;436;34;274;61.41
0.09;40;710;457;46;253;64.37
0.09;41;710;433;38;277;60.99
0.09;42;710;422;44;288;59.44
0.09;43;710;434;54;276;61.13
0.09;44;710;438;47;272;61.69
0.09;45;710;442;47;268;62.25
0.09;46;710;446;38;264;62.82
0.09;47;710;408;33;302;57.46
0.09;48;710;441;47;269;62.11
0.09;49;710;443;46;267;62.39
0.09;50;710;456;38;254;64.23
0.09;51;710;448;42;262;63.10
0.09;52;710;434;48;276;61.13
0.09;53;710;441;50;269;62.11
0.09;54;710;438;40;272;61.69
0.09;55;710;444;39;266;62.54
0.09;56;710;420;42;290;59.15
0.09;57;710;434;39;276;61.13
0.09;58;710;446;47;264;62.82
0.09;59;710;440;44;270;61.97
0.09;60;710;453;34;257;63.80
0.09;61;710;444;41;266;62.54
0.09;62;710;450;45;260;63.38
0.09;63;710;467;45;243;65.77
0.09;64;710;435;34;275;61.27
0.09;65;710;435;41;275;61.27
0.09;66;710;436;43;274;61.41
0.09;67;710;446;46;264;62.82
0.09;68;710;448;43;262;63.10
0.09;69;710;446;48;264;62.82
0.09;70;710;455;41;255;64.08
0.09;71;710;444;38;266;62.54
0.09;72;710;441;36;269;62.11
0.09;73;710;433;48;277;60.99
0.09;74;710;459;43;251;64.65
0.09;75;710;450;42;260;63.38
0.09;76;710;454;57;256;63.94
0.09;77;710;432;51;278;60.85
0.09;78;710;461;47;249;64.93
0.09;79;710;425;44;285;59.86
0.09;80;710;434;46;276;61.13
0.09;81;710;451;42;259;63.52
0.09;82;710;430;29;280;60.56
0.09;83;710;435;42;275;61.27
0.09;84;710;429;42;281;60.42
0.09;85;710;424;44;286;59.72
0.09;86;710;427;44;283;60.14
0.09;87;710;432;40;278;60.85
0.09;88;710;443;37;267;62.39
0.09;89;710;458;58;252;64.51
0.09;90;710;418;44;292;58.87
0.09;91;710;437;43;273;61.55
0.09;92;710;448;53;262;63.10
0.09;93;710;406;41;304;57.18
0.09;94;710;441;46;269;62.11
0.09;95;710;435;43;275;61.27
0.09;96;710;434;46;276;61.13
0.09;97;710;442;44;268;62.25
0.09;98;710;433;32;277;60.99
0.09;99;710;435;46;275;61.27
0.09;100;710;440;56;270;61.97
0.1;1;788;485;39;303;61.55
0.1;2;788;489;48;299;62.06
0.1;3;788;479;43;309;60.79
0.1;4;788;492;53;296;62.44
0.1;5;788;507;53;281;64.34
0.1;6;788;487;48;301;61.80
0.1;7;788;483;63;305;61.29
0.1;8;788;494;55;294;62.69
0.1;9;788;469;40;319;59.52
0.1;10;788;482;54;306;61.17
0.1;11;788;518;49;270;65.74
0.1;12;788;510;55;278;64.72
0.1;13;788;489;40;299;62.06
0.1;14;788;488;40;300;61.93
0.1;15;788;506;54;282;64.21
0.1;16;788;490;47;298;62.18
0.1;17;788;501;50;287;63.58
0.1;18;788;501;41;287;63.58
0.1;19;788;534;53;254;67.77
0.1;20;788;477;48;311;60.53
0.1;21;788;498;38;290;63.20
0.1;22;788;491;54;297;62.31
0.1;23;788;490;51;298;62.18
0.1;24;788;513;44;275;65.10
0.1;25;788;492;62;296;62.44
0.1;26;788;501;60;287;63.58
0.1;27;788;489;37;299;62.06
0.1;28;788;494;50;294;62.69
0.1;29;788;496;47;292;62.94
0.1;30;788;498;58;290;63.20
0.1;31;788;458;38;330;58.12
0.1;32;788;476;61;312;60.41
0.1;33;788;477;49;311;60.53
0.1;34;788;503;50;285;63.83
0.1;35;788;524;48;264;66.50
0.1;36;788;487;38;301;61.80
0.1;37;788;516;52;272;65.48
0.1;38;788;475;48;313;60.28
0.1;39;788;494;39;294;62.69
0.1;40;788;509;62;279;64.59
0.1;41;788;511;54;277;64.85
0.1;42;788;495;47;293;62.82
0.1;43;788;483;45;305;61.29
0.1;44;788;500;48;288;63.45
0.1;45;788;466;49;322;59.14
0.1;46;788;506;54;282;64.21
0.1;47;788;485;45;303;61.55
0.1;48;788;497;37;291;63.07
0.1;49;788;473;45;315;60.03
0.1;50;788;507;54;281;64.34
0.1;51;788;499;48;289;63.32
0.1;52;788;472;43;316;59.90
0.1;53;788;478;56;310;60.66
0.1;54;788;495;55;293;62.82
0.1;55;788;496;57;292;62.94
0.1;56;788;487;47;301;61.80
0.1;57;788;479;46;309;60.79
0.1;58;788;510;53;278;64.72
0.1;59;788;480;41;308;60.91
0.1;60;788;490;52;298;62.18
0.1;61;788;490;50;298;62.18
0.1;62;788;492;49;296;62.44
0.1;63;788;496;39;292;62.94
0.1;64;788;493;48;295;62.56
0.1;65;788;495;50;293;62.82
0.1;66;788;497;51;291;63.07
0.1;67;788;494;47;294;62.69
0.1;68;788;480;56;308;60.91
0.1;69;788;485;50;303;61.55
0.1;70;788;503;48;285;63.83
0.1;71;788;489;48;299;62.06
0.1;72;788;496;50;292;62.94
0.1;73;788;491;59;297;62.31
0.1;74;788;502;37;286;63.71
0.1;75;788;486;50;302;61.68
0.1;76;788;476;57;312;60.41
0.1;77;788;518;51;270;65.74
0.1;78;788;486;46;302;61.68
0.1;79;788;471;41;317;59.77
0.1;80;788;481;52;307;61.04
0.1;81;788;497;56;291;63.07
0.1;82;788;497;49;291;63.07
0.1;83;788;478;35;310;60.66
0.1;84;788;489;38;299;62.06
0.1;85;788;501;43;287;63.58
0.1;86;788;478;46;310;60.66
0.1;87;788;483;52;305;61.29
0.1;88;788;478;48;310;60.66
0.1;89;788;489;51;299;62.06
0.1;90;788;504;48;284;63.96
0.1;91;788;501;41;287;63.58
0.1;92;788;496;52;292;62.94
0.1;93;788;488;49;300;61.93
0.1;94;788;509;34;279;64.59
0.1;95;788;481;53;307;61.04
0.1;96;788;484;58;304;61.42
0.1;97;788;487;47;301;61.80
0.1;98;788;502;52;286;63.71
0.1;99;788;482;42;306;61.17
0.1;100;788;502;57;286;63.71
0.2;1;1576;966;94;610;61.29
0.2;2;1576;946;96;630;60.03
0.2;3;1576;971;97;605;61.61
0.2;4;1576;965;92;611;61.23
0.2;5;1576;962;96;614;61.04
0.2;6;1576;974;95;602;61.80
0.2;7;1576;964;107;612;61.17
0.2;8;1576;965;94;611;61.23
0.2;9;1576;978;85;598;62.06
0.2;10;1576;994;90;582;63.07
0.2;11;1576;1011;90;565;64.15
0.2;12;1576;978;95;598;62.06
0.2;13;1576;1006;109;570;63.83
0.2;14;1576;1000;108;576;63.45
0.2;15;1576;971;101;605;61.61
0.2;16;1576;987;86;589;62.63
0.2;17;1576;989;101;587;62.75
0.2;18;1576;989;97;587;62.75
0.2;19;1576;969;85;607;61.48
0.2;20;1576;974;87;602;61.80
0.2;21;1576;978;80;598;62.06
0.2;22;1576;965;98;611;61.23
0.2;23;1576;980;106;596;62.18
0.2;24;1576;963;90;613;61.10
0.2;25;1576;987;98;589;62.63
0.2;26;1576;1004;102;572;63.71
0.2;27;1576;978;109;598;62.06
0.2;28;1576;991;119;585;62.88
0.2;29;1576;973;102;603;61.74
0.2;30;1576;999;97;577;63.39
0.2;31;1576;966;91;610;61.29
0.2;32;1576;996;90;580;63.20
0.2;33;1576;970;86;606;61.55
0.2;34;1576;997;92;579;63.26
0.2;35;1576;972;94;604;61.68
0.2;36;1576;994;113;582;63.07
0.2;37;1576;991;106;585;62.88
0.2;38;1576;966;112;610;61.29
0.2;39;1576;1021;107;555;64.78
0.2;40;1576;999;95;577;63.39
0.2;41;1576;984;102;592;62.44
0.2;42;1576;980;86;596;62.18
0.2;43;1576;990;98;586;62.82
0.2;44;1576;997;109;579;63.26
0.2;45;1576;986;102;590;62.56
0.2;46;1576;976;102;600;61.93
0.2;47;1576;982;102;594;62.31
0.2;48;1576;984;100;592;62.44
0.2;49;1576;971;92;605;61.61
0.2;50;1576;998;91;578;63.32
0.2;51;1576;976;86;600;61.93
0.2;52;1576;985;100;591;62.50
0.2;53;1576;960;91;616;60.91
0.2;54;1576;964;86;612;61.17
0.2;55;1576;954;92;622;60.53
0.2;56;1576;944;94;632;59.90
0.2;57;1576;988;113;588;62.69
0.2;58;1576;993;92;583;63.01
0.2;59;1576;961;98;615;60.98
0.2;60;1576;949;97;627;60.22
0.2;61;1576;992;90;584;62.94
0.2;62;1576;940;95;636;59.64
0.2;63;1576;1020;77;556;64.72
0.2;64;1576;949;88;627;60.22
0.2;65;1576;989;90;587;62.75
0.2;66;1576;960;109;616;60.91
0.2;67;1576;991;96;585;62.88
0.2;68;1576;985;102;591;62.50
0.2;69;1576;964;96;612;61.17
0.2;70;1576;978;93;598;62.06
0.2;71;1576;967;89;609;61.36
0.2;72;1576;1019;89;557;64.66
0.2;73;1576;957;86;619;60.72
0.2;74;1576;992;98;584;62.94
0.2;75;1576;972;106;604;61.68
0.2;76;1576;996;103;580;63.20
0.2;77;1576;995;100;581;63.13
0.2;78;1576;993;92;583;63.01
0.2;79;1576;965;97;611;61.23
0.2;80;1576;1001;107;575;63.52
0.2;81;1576;982;92;594;62.31
0.2;82;1576;1003;81;573;63.64
0.2;83;1576;985;87;591;62.50
0.2;84;1576;974;110;602;61.80
0.2;85;1576;981;101;595;62.25
0.2;86;1576;970;98;606;61.55
0.2;87;1576;967;99;609;61.36
0.2;88;1576;991;104;585;62.88
0.2;89;1576;971;93;605;61.61
0.2;90;1576;984;96;592;62.44
0.2;91;1576;989;104;587;62.75
0.2;92;1576;994;103;582;63.07
0.2;93;1576;950;87;626;60.28
0.2;94;1576;983;111;593;62.37
0.2;95;1576;976;100;600;61.93
0.2;96;1576;1007;98;569;63.90
0.2;97;1576;988;95;588;62.69
0.2;98;1576;990;109;586;62.82
0.2;99;1576;1007;117;569;63.90
0.2;100;1576;983;94;593;62.37
0.3;1;2364;1460;144;904;61.76
0.3;2;2364;1478;149;886;62.52
0.3;3;2364;1472;136;892;62.27
0.3;4;2364;1444;127;920;61.08
0.3;5;2364;1445;132;919;61.13
0.3;6;2364;1449;131;915;61.29
0.3;7;2364;1504;144;860;63.62
0.3;8;2364;1476;146;888;62.44
0.3;9;2364;1485;160;879;62.82
0.3;10;2364;1446;137;918;61.17
0.3;11;2364;1470;138;894;62.18
0.3;12;2364;1494;143;870;63.20
0.3;13;2364;1464;138;900;61.93
0.3;14;2364;1472;140;892;62.27
0.3;15;2364;1456;155;908;61.59
0.3;16;2364;1452;148;912;61.42
0.3;17;2364;1476;143;888;62.44
0.3;18;2364;1454;135;910;61.51
0.3;19;2364;1475;150;889;62.39
0.3;20;2364;1476;152;888;62.44
0.3;21;2364;1451;132;913;61.38
0.3;22;2364;1462;154;902;61.84
0.3;23;2364;1489;146;875;62.99
0.3;24;2364;1481;148;883;62.65
0.3;25;2364;1472;132;892;62.27
0.3;26;2364;1474;164;890;62.35
0.3;27;2364;1462;155;902;61.84
0.3;28;2364;1458;139;906;61.68
0.3;29;2364;1461;148;903;61.80
0.3;30;2364;1471;129;893;62.23
0.3;31;2364;1490;130;874;63.03
0.3;32;2364;1482;141;882;62.69
0.3;33;2364;1459;126;905;61.72
0.3;34;2364;1486;137;878;62.86
0.3;35;2364;1465;130;899;61.97
0.3;36;2364;1460;138;904;61.76
0.3;37;2364;1454;155;910;61.51
0.3;38;2364;1485;151;879;62.82
0.3;39;2364;1475;157;889;62.39
0.3;40;2364;1496;151;868;63.28
0.3;41;2364;1494;139;870;63.20
0.3;42;2364;1472;131;892;62.27
0.3;43;2364;1463;146;901;61.89
0.3;44;2364;1495;162;869;63.24
0.3;45;2364;1488;167;876;62.94
0.3;46;2364;1446;147;918;61.17
0.3;47;2364;1465;146;899;61.97
0.3;48;2364;1458;145;906;61.68
0.3;49;2364;1490;152;874;63.03
0.3;50;2364;1515;139;849;64.09
0.3;51;2364;1433;147;931;60.62
0.3;52;2364;1485;139;879;62.82
0.3;53;2364;1442;135;922;61.00
0.3;54;2364;1498;146;866;63.37
0.3;55;2364;1482;137;882;62.69
0.3;56;2364;1494;161;870;63.20
0.3;57;2364;1463;149;901;61.89
0.3;58;2364;1471;126;893;62.23
0.3;59;2364;1459;148;905;61.72
0.3;60;2364;1482;154;882;62.69
0.3;61;2364;1505;147;859;63.66
0.3;62;2364;1501;144;863;63.49
0.3;63;2364;1498;152;866;63.37
0.3;64;2364;1471;150;893;62.23
0.3;65;2364;1485;141;879;62.82
0.3;66;2364;1468;149;896;62.10
0.3;67;2364;1470;144;894;62.18
0.3;68;2364;1439;139;925;60.87
0.3;69;2364;1465;145;899;61.97
0.3;70;2364;1487;141;877;62.90
0.3;71;2364;1468;135;896;62.10
0.3;72;2364;1512;139;852;63.96
0.3;73;2364;1457;161;907;61.63
0.3;74;2364;1440;135;924;60.91
0.3;75;2364;1456;153;908;61.59
0.3;76;2364;1465;150;899;61.97
0.3;77;2364;1448;150;916;61.25
0.3;78;2364;1454;146;910;61.51
0.3;79;2364;1464;145;900;61.93
0.3;80;2364;1471;159;893;62.23
0.3;81;2364;1465;152;899;61.97
0.3;82;2364;1461;150;903;61.80
0.3;83;2364;1483;147;881;62.73
0.3;84;2364;1471;156;893;62.23
0.3;85;2364;1483;134;881;62.73
0.3;86;2364;1468;136;896;62.10
0.3;87;2364;1487;147;877;62.90
0.3;88;2364;1476;157;888;62.44
0.3;89;2364;1460;147;904;61.76
0.3;90;2364;1468;136;896;62.10
0.3;91;2364;1456;139;908;61.59
0.3;92;2364;1486;155;878;62.86
0.3;93;2364;1477;159;887;62.48
0.3;94;2364;1478;144;886;62.52
0.3;95;2364;1462;143;902;61.84
0.3;96;2364;1497;154;867;63.32
0.3;97;2364;1516;164;848;64.13
0.3;98;2364;1479;155;885;62.56
0.3;99;2364;1455;137;909;61.55
0.3;100;2364;1455;145;909;61.55
0.4;1;3152;1979;184;1173;62.79
0.4;2;3152;2022;193;1130;64.15
0.4;3;3152;1970;212;1182;62.50
0.4;4;3152;1915;183;1237;60.76
0.4;5;3152;1972;225;1180;62.56
0.4;6;3152;1972;213;1180;62.56
0.4;7;3152;1954;215;1198;61.99
0.4;8;3152;1972;209;1180;62.56
0.4;9;3152;1999;193;1153;63.42
0.4;10;3152;1970;193;1182;62.50
0.4;11;3152;1945;180;1207;61.71
0.4;12;3152;1924;178;1228;61.04
0.4;13;3152;1930;181;1222;61.23
0.4;14;3152;1918;182;1234;60.85
0.4;15;3152;1965;174;1187;62.34
0.4;16;3152;1987;214;1165;63.04
0.4;17;3152;1999;204;1153;63.42
0.4;18;3152;1965;205;1187;62.34
0.4;19;3152;1983;209;1169;62.91
0.4;20;3152;1985;187;1167;62.98
0.4;21;3152;1946;205;1206;61.74
0.4;22;3152;1966;189;1186;62.37
0.4;23;3152;1982;177;1170;62.88
0.4;24;3152;1956;214;1196;62.06
0.4;25;3152;1960;180;1192;62.18
0.4;26;3152;1959;207;1193;62.15
0.4;27;3152;1958;207;1194;62.12
0.4;28;3152;1965;197;1187;62.34
0.4;29;3152;1979;192;1173;62.79
0.4;30;3152;1928;194;1224;61.17
0.4;31;3152;1952;195;1200;61.93
0.4;32;3152;1960;196;1192;62.18
0.4;33;3152;1957;188;1195;62.09
0.4;34;3152;1959;196;1193;62.15
0.4;35;3152;1938;171;1214;61.48
0.4;36;3152;1934;188;1218;61.36
0.4;37;3152;1979;195;1173;62.79
0.4;38;3152;1949;211;1203;61.83
0.4;39;3152;1955;211;1197;62.02
0.4;40;3152;1961;186;1191;62.21
0.4;41;3152;1947;199;1205;61.77
0.4;42;3152;1943;194;1209;61.64
0.4;43;3152;2012;209;1140;63.83
0.4;44;3152;2013;192;1139;63.86
0.4;45;3152;1961;189;1191;62.21
0.4;46;3152;1967;196;1185;62.40
0.4;47;3152;1941;197;1211;61.58
0.4;48;3152;1966;208;1186;62.37
0.4;49;3152;1976;171;1176;62.69
0.4;50;3152;1978;218;1174;62.75
0.4;51;3152;1940;194;1212;61.55
0.4;52;3152;1965;203;1187;62.34
0.4;53;3152;1970;202;1182;62.50
0.4;54;3152;1989;198;1163;63.10
0.4;55;3152;1933;195;1219;61.33
0.4;56;3152;1997;213;1155;63.36
0.4;57;3152;1942;196;1210;61.61
0.4;58;3152;1980;197;1172;62.82
0.4;59;3152;1961;188;1191;62.21
0.4;60;3152;1937;192;1215;61.45
0.4;61;3152;1992;198;1160;63.20
0.4;62;3152;1942;202;1210;61.61
0.4;63;3152;1968;204;1184;62.44
0.4;64;3152;1979;193;1173;62.79
0.4;65;3152;1938;208;1214;61.48
0.4;66;3152;1950;197;1202;61.87
0.4;67;3152;1982;197;1170;62.88
0.4;68;3152;1979;192;1173;62.79
0.4;69;3152;1975;206;1177;62.66
0.4;70;3152;1966;215;1186;62.37
0.4;71;3152;1962;184;1190;62.25
0.4;72;3152;1979;191;1173;62.79
0.4;73;3152;1972;211;1180;62.56
0.4;74;3152;1963;205;1189;62.28
0.4;75;3152;1973;179;1179;62.60
0.4;76;3152;1957;188;1195;62.09
0.4;77;3152;1989;204;1163;63.10
0.4;78;3152;1984;216;1168;62.94
0.4;79;3152;1954;191;1198;61.99
0.4;80;3152;1933;216;1219;61.33
0.4;81;3152;1963;211;1189;62.28
0.4;82;3152;1950;188;1202;61.87
0.4;83;3152;1997;195;1155;63.36
0.4;84;3152;1945;190;1207;61.71
0.4;85;3152;1930;196;1222;61.23
0.4;86;3152;1940;191;1212;61.55
0.4;87;3152;1956;194;1196;62.06
0.4;88;3152;1954;193;1198;61.99
0.4;89;3152;1965;189;1187;62.34
0.4;90;3152;1968;197;1184;62.44
0.4;91;3152;1986;195;1166;63.01
0.4;92;3152;1954;194;1198;61.99
0.4;93;3152;1942;184;1210;61.61
0.4;94;3152;1947;186;1205;61.77
0.4;95;3152;1963;196;1189;62.28
0.4;96;3152;1986;208;1166;63.01
0.4;97;3152;1959;206;1193;62.15
0.4;98;3152;1956;206;1196;62.06
0.4;99;3152;1993;216;1159;63.23
0.4;100;3152;1965;182;1187;62.34
0.5;1;3939;2428;240;1511;61.64
0.5;2;3939;2451;251;1488;62.22
0.5;3;3939;2461;235;1478;62.48
0.5;4;3939;2445;236;1494;62.07
0.5;5;3939;2439;225;1500;61.92
0.5;6;3939;2475;255;1464;62.83
0.5;7;3939;2479;251;1460;62.93
0.5;8;3939;2419;232;1520;61.41
0.5;9;3939;2459;236;1480;62.43
0.5;10;3939;2465;238;1474;62.58
0.5;11;3939;2434;216;1505;61.79
0.5;12;3939;2439;229;1500;61.92
0.5;13;3939;2450;248;1489;62.20
0.5;14;3939;2449;242;1490;62.17
0.5;15;3939;2452;252;1487;62.25
0.5;16;3939;2428;244;1511;61.64
0.5;17;3939;2459;243;1480;62.43
0.5;18;3939;2445;258;1494;62.07
0.5;19;3939;2478;238;1461;62.91
0.5;20;3939;2446;229;1493;62.10
0.5;21;3939;2435;251;1504;61.82
0.5;22;3939;2453;234;1486;62.27
0.5;23;3939;2444;237;1495;62.05
0.5;24;3939;2458;238;1481;62.40
0.5;25;3939;2501;251;1438;63.49
0.5;26;3939;2504;250;1435;63.57
0.5;27;3939;2403;232;1536;61.01
0.5;28;3939;2429;239;1510;61.67
0.5;29;3939;2445;224;1494;62.07
0.5;30;3939;2453;243;1486;62.27
0.5;31;3939;2454;249;1485;62.30
0.5;32;3939;2506;241;1433;63.62
0.5;33;3939;2452;249;1487;62.25
0.5;34;3939;2460;254;1479;62.45
0.5;35;3939;2463;232;1476;62.53
0.5;36;3939;2424;240;1515;61.54
0.5;37;3939;2445;256;1494;62.07
0.5;38;3939;2431;241;1508;61.72
0.5;39;3939;2460;255;1479;62.45
0.5;40;3939;2453;220;1486;62.27
0.5;41;3939;2482;240;1457;63.01
0.5;42;3939;2438;239;1501;61.89
0.5;43;3939;2454;258;1485;62.30
0.5;44;3939;2451;242;1488;62.22
0.5;45;3939;2469;263;1470;62.68
0.5;46;3939;2458;253;1481;62.40
0.5;47;3939;2486;240;1453;63.11
0.5;48;3939;2432;243;1507;61.74
0.5;49;3939;2424;242;1515;61.54
0.5;50;3939;2446;247;1493;62.10
0.5;51;3939;2462;236;1477;62.50
0.5;52;3939;2454;240;1485;62.30
0.5;53;3939;2496;255;1443;63.37
0.5;54;3939;2417;239;1522;61.36
0.5;55;3939;2439;249;1500;61.92
0.5;56;3939;2452;258;1487;62.25
0.5;57;3939;2448;256;1491;62.15
0.5;58;3939;2423;240;1516;61.51
0.5;59;3939;2453;245;1486;62.27
0.5;60;3939;2473;226;1466;62.78
0.5;61;3939;2403;237;1536;61.01
0.5;62;3939;2435;241;1504;61.82
0.5;63;3939;2414;247;1525;61.28
0.5;64;3939;2439;244;1500;61.92
0.5;65;3939;2434;250;1505;61.79
0.5;66;3939;2473;257;1466;62.78
0.5;67;3939;2492;236;1447;63.26
0.5;68;3939;2430;227;1509;61.69
0.5;69;3939;2467;253;1472;62.63
0.5;70;3939;2451;256;1488;62.22
0.5;71;3939;2493;239;1446;63.29
0.5;72;3939;2469;242;1470;62.68
0.5;73;3939;2430;245;1509;61.69
0.5;74;3939;2460;225;1479;62.45
0.5;75;3939;2449;252;1490;62.17
0.5;76;3939;2435;243;1504;61.82
0.5;77;3939;2443;252;1496;62.02
0.5;78;3939;2461;250;1478;62.48
0.5;79;3939;2445;237;1494;62.07
0.5;80;3939;2452;244;1487;62.25
0.5;81;3939;2464;258;1475;62.55
0.5;82;3939;2425;241;1514;61.56
0.5;83;3939;2474;258;1465;62.81
0.5;84;3939;2481;251;1458;62.99
0.5;85;3939;2444;220;1495;62.05
0.5;86;3939;2447;253;1492;62.12
0.5;87;3939;2456;262;1483;62.35
0.5;88;3939;2462;243;1477;62.50
0.5;89;3939;2444;226;1495;62.05
0.5;90;3939;2437;235;1502;61.87
0.5;91;3939;2459;245;1480;62.43
0.5;92;3939;2448;246;1491;62.15
0.5;93;3939;2478;242;1461;62.91
0.5;94;3939;2465;230;1474;62.58
0.5;95;3939;2447;242;1492;62.12
0.5;96;3939;2465;245;1474;62.58
0.5;97;3939;2441;245;1498;61.97
0.5;98;3939;2414;244;1525;61.28
0.5;99;3939;2445;248;1494;62.07
0.5;100;3939;2434;244;1505;61.79
0.6;1;4727;2973;291;1754;62.89
0.6;2;4727;2911;291;1816;61.58
0.6;3;4727;2953;301;1774;62.47
0.6;4;4727;2943;283;1784;62.26
0.6;5;4727;2964;308;1763;62.70
0.6;6;4727;2939;294;1788;62.17
0.6;7;4727;2940;307;1787;62.20
0.6;8;4727;2944;305;1783;62.28
0.6;9;4727;2890;264;1837;61.14
0.6;10;4727;2900;276;1827;61.35
0.6;11;4727;2942;276;1785;62.24
0.6;12;4727;2983;294;1744;63.11
0.6;13;4727;2961;293;1766;62.64
0.6;14;4727;2914;309;1813;61.65
0.6;15;4727;2948;281;1779;62.37
0.6;16;4727;2939;302;1788;62.17
0.6;17;4727;2947;294;1780;62.34
0.6;18;4727;2942;290;1785;62.24
0.6;19;4727;2930;298;1797;61.98
0.6;20;4727;2950;283;1777;62.41
0.6;21;4727;2900;285;1827;61.35
0.6;22;4727;2922;284;1805;61.82
0.6;23;4727;2957;298;1770;62.56
0.6;24;4727;2929;283;1798;61.96
0.6;25;4727;2939;299;1788;62.17
0.6;26;4727;2937;277;1790;62.13
0.6;27;4727;2945;308;1782;62.30
0.6;28;4727;2982;295;1745;63.08
0.6;29;4727;2931;290;1796;62.01
0.6;30;4727;2964;282;1763;62.70
0.6;31;4727;2925;311;1802;61.88
0.6;32;4727;2916;285;1811;61.69
0.6;33;4727;2943;292;1784;62.26
0.6;34;4727;2977;298;1750;62.98
0.6;35;4727;2917;282;1810;61.71
0.6;36;4727;2893;266;1834;61.20
0.6;37;4727;2951;283;1776;62.43
0.6;38;4727;2959;288;1768;62.60
0.6;39;4727;2950;277;1777;62.41
0.6;40;4727;2958;289;1769;62.58
0.6;41;4727;2965;300;1762;62.72
0.6;42;4727;2945;288;1782;62.30
0.6;43;4727;2945;282;1782;62.30
0.6;44;4727;2923;295;1804;61.84
0.6;45;4727;2952;285;1775;62.45
0.6;46;4727;2963;295;1764;62.68
0.6;47;4727;2931;299;1796;62.01
0.6;48;4727;2918;276;1809;61.73
0.6;49;4727;3006;280;1721;63.59
0.6;50;4727;2991;310;1736;63.27
0.6;51;4727;2948;289;1779;62.37
0.6;52;4727;2943;301;1784;62.26
0.6;53;4727;2977;280;1750;62.98
0.6;54;4727;2929;294;1798;61.96
0.6;55;4727;2953;294;1774;62.47
0.6;56;4727;2942;281;1785;62.24
0.6;57;4727;2958;284;1769;62.58
0.6;58;4727;2980;290;1747;63.04
0.6;59;4727;2933;280;1794;62.05
0.6;60;4727;2961;270;1766;62.64
0.6;61;4727;2961;293;1766;62.64
0.6;62;4727;2941;280;1786;62.22
0.6;63;4727;2914;282;1813;61.65
0.6;64;4727;2945;296;1782;62.30
0.6;65;4727;2925;281;1802;61.88
0.6;66;4727;2941;312;1786;62.22
0.6;67;4727;2980;301;1747;63.04
0.6;68;4727;2936;311;1791;62.11
0.6;69;4727;2945;287;1782;62.30
0.6;70;4727;2908;289;1819;61.52
0.6;71;4727;2968;291;1759;62.79
0.6;72;4727;2932;287;1795;62.03
0.6;73;4727;2941;287;1786;62.22
0.6;74;4727;2970;289;1757;62.83
0.6;75;4727;2911;272;1816;61.58
0.6;76;4727;2947;304;1780;62.34
0.6;77;4727;2928;259;1799;61.94
0.6;78;4727;2955;295;1772;62.51
0.6;79;4727;2930;279;1797;61.98
0.6;80;4727;2954;296;1773;62.49
0.6;81;4727;2939;280;1788;62.17
0.6;82;4727;2943;299;1784;62.26
0.6;83;4727;2933;297;1794;62.05
0.6;84;4727;2962;292;1765;62.66
0.6;85;4727;2946;289;1781;62.32
0.6;86;4727;2939;290;1788;62.17
0.6;87;4727;2933;285;1794;62.05
0.6;88;4727;2935;289;1792;62.09
0.6;89;4727;2917;294;1810;61.71
0.6;90;4727;2934;286;1793;62.07
0.6;91;4727;2925;276;1802;61.88
0.6;92;4727;2919;273;1808;61.75
0.6;93;4727;2930;287;1797;61.98
0.6;94;4727;2951;277;1776;62.43
0.6;95;4727;2959;308;1768;62.60
0.6;96;4727;2913;274;1814;61.62
0.6;97;4727;2926;305;1801;61.90
0.6;98;4727;2960;319;1767;62.62
0.6;99;4727;2958;294;1769;62.58
0.6;100;4727;2940;309;1787;62.20
0.7;1;5515;3424;354;2091;62.09
0.7;2;5515;3483;333;2032;63.16
0.7;3;5515;3460;348;2055;62.74
0.7;4;5515;3440;327;2075;62.38
0.7;5;5515;3429;348;2086;62.18
0.7;6;5515;3415;328;2100;61.92
0.7;7;5515;3432;342;2083;62.23
0.7;8;5515;3429;372;2086;62.18
0.7;9;5515;3481;361;2034;63.12
0.7;10;5515;3421;348;2094;62.03
0.7;11;5515;3419;332;2096;61.99
0.7;12;5515;3423;339;2092;62.07
0.7;13;5515;3425;340;2090;62.10
0.7;14;5515;3467;333;2048;62.86
0.7;15;5515;3420;350;2095;62.01
0.7;16;5515;3466;360;2049;62.85
0.7;17;5515;3397;332;2118;61.60
0.7;18;5515;3410;335;2105;61.83
0.7;19;5515;3450;345;2065;62.56
0.7;20;5515;3438;340;2077;62.34
0.7;21;5515;3405;327;2110;61.74
0.7;22;5515;3457;355;2058;62.68
0.7;23;5515;3416;354;2099;61.94
0.7;24;5515;3419;345;2096;61.99
0.7;25;5515;3439;343;2076;62.36
0.7;26;5515;3426;335;2089;62.12
0.7;27;5515;3425;333;2090;62.10
0.7;28;5515;3437;334;2078;62.32
0.7;29;5515;3388;339;2127;61.43
0.7;30;5515;3435;332;2080;62.28
0.7;31;5515;3446;340;2069;62.48
0.7;32;5515;3448;345;2067;62.52
0.7;33;5515;3433;338;2082;62.25
0.7;34;5515;3429;339;2086;62.18
0.7;35;5515;3432;342;2083;62.23
0.7;36;5515;3432;339;2083;62.23
0.7;37;5515;3448;348;2067;62.52
0.7;38;5515;3415;340;2100;61.92
0.7;39;5515;3421;338;2094;62.03
0.7;40;5515;3433;344;2082;62.25
0.7;41;5515;3448;362;2067;62.52
0.7;42;5515;3422;342;2093;62.05
0.7;43;5515;3419;327;2096;61.99
0.7;44;5515;3448;349;2067;62.52
0.7;45;5515;3446;342;2069;62.48
0.7;46;5515;3444;327;2071;62.45
0.7;47;5515;3430;351;2085;62.19
0.7;48;5515;3435;342;2080;62.28
0.7;49;5515;3430;347;2085;62.19
0.7;50;5515;3446;340;2069;62.48
0.7;51;5515;3453;354;2062;62.61
0.7;52;5515;3448;357;2067;62.52
0.7;53;5515;3468;333;2047;62.88
0.7;54;5515;3435;360;2080;62.28
0.7;55;5515;3466;334;2049;62.85
0.7;56;5515;3438;337;2077;62.34
0.7;57;5515;3428;345;2087;62.16
0.7;58;5515;3447;342;2068;62.50
0.7;59;5515;3466;345;2049;62.85
0.7;60;5515;3416;335;2099;61.94
0.7;61;5515;3434;353;2081;62.27
0.7;62;5515;3433;350;2082;62.25
0.7;63;5515;3401;324;2114;61.67
0.7;64;5515;3453;348;2062;62.61
0.7;65;5515;3427;345;2088;62.14
0.7;66;5515;3444;371;2071;62.45
0.7;67;5515;3432;338;2083;62.23
0.7;68;5515;3469;345;2046;62.90
0.7;69;5515;3441;356;2074;62.39
0.7;70;5515;3405;330;2110;61.74
0.7;71;5515;3458;355;2057;62.70
0.7;72;5515;3398;336;2117;61.61
0.7;73;5515;3469;337;2046;62.90
0.7;74;5515;3440;328;2075;62.38
0.7;75;5515;3418;342;2097;61.98
0.7;76;5515;3455;340;2060;62.65
0.7;77;5515;3443;354;2072;62.43
0.7;78;5515;3420;337;2095;62.01
0.7;79;5515;3427;339;2088;62.14
0.7;80;5515;3445;330;2070;62.47
0.7;81;5515;3424;350;2091;62.09
0.7;82;5515;3466;356;2049;62.85
0.7;83;5515;3456;336;2059;62.67
0.7;84;5515;3453;338;2062;62.61
0.7;85;5515;3391;327;2124;61.49
0.7;86;5515;3427;349;2088;62.14
0.7;87;5515;3443;345;2072;62.43
0.7;88;5515;3448;347;2067;62.52
0.7;89;5515;3449;363;2066;62.54
0.7;90;5515;3462;341;2053;62.77
0.7;91;5515;3445;326;2070;62.47
0.7;92;5515;3454;338;2061;62.63
0.7;93;5515;3457;350;2058;62.68
0.7;94;5515;3416;345;2099;61.94
0.7;95;5515;3444;346;2071;62.45
0.7;96;5515;3454;343;2061;62.63
0.7;97;5515;3436;335;2079;62.30
0.7;98;5515;3446;336;2069;62.48
0.7;99;5515;3441;341;2074;62.39
0.7;100;5515;3389;318;2126;61.45
0.8;1;6303;3925;382;2378;62.27
0.8;2;6303;3927;390;2376;62.30
0.8;3;6303;3931;397;2372;62.37
0.8;4;6303;3937;387;2366;62.46
0.8;5;6303;3927;400;2376;62.30
0.8;6;6303;3904;391;2399;61.94
0.8;7;6303;3923;372;2380;62.24
0.8;8;6303;3930;390;2373;62.35
0.8;9;6303;3927;382;2376;62.30
0.8;10;6303;3925;377;2378;62.27
0.8;11;6303;3937;381;2366;62.46
0.8;12;6303;3928;389;2375;62.32
0.8;13;6303;3941;371;2362;62.53
0.8;14;6303;3912;398;2391;62.07
0.8;15;6303;3924;393;2379;62.26
0.8;16;6303;3908;390;2395;62.00
0.8;17;6303;3924;393;2379;62.26
0.8;18;6303;3910;380;2393;62.03
0.8;19;6303;3933;385;2370;62.40
0.8;20;6303;3945;377;2358;62.59
0.8;21;6303;3920;385;2383;62.19
0.8;22;6303;3918;387;2385;62.16
0.8;23;6303;3914;398;2389;62.10
0.8;24;6303;3919;378;2384;62.18
0.8;25;6303;3945;400;2358;62.59
0.8;26;6303;3941;400;2362;62.53
0.8;27;6303;3925;383;2378;62.27
0.8;28;6303;3903;388;2400;61.92
0.8;29;6303;3927;368;2376;62.30
0.8;30;6303;3921;393;2382;62.21
0.8;31;6303;3939;387;2364;62.49
0.8;32;6303;3941;376;2362;62.53
0.8;33;6303;3917;382;2386;62.15
0.8;34;6303;3911;383;2392;62.05
0.8;35;6303;3911;392;2392;62.05
0.8;36;6303;3905;393;2398;61.95
0.8;37;6303;3908;389;2395;62.00
0.8;38;6303;3934;403;2369;62.41
0.8;39;6303;3939;373;2364;62.49
0.8;40;6303;3933;386;2370;62.40
0.8;41;6303;3938;396;2365;62.48
0.8;42;6303;3944;405;2359;62.57
0.8;43;6303;3914;382;2389;62.10
0.8;44;6303;3922;386;2381;62.22
0.8;45;6303;3916;383;2387;62.13
0.8;46;6303;3900;393;2403;61.88
0.8;47;6303;3913;394;2390;62.08
0.8;48;6303;3925;391;2378;62.27
0.8;49;6303;3910;391;2393;62.03
0.8;50;6303;3890;384;2413;61.72
0.8;51;6303;3912;379;2391;62.07
0.8;52;6303;3908;392;2395;62.00
0.8;53;6303;3911;391;2392;62.05
0.8;54;6303;3896;397;2407;61.81
0.8;55;6303;3932;391;2371;62.38
0.8;56;6303;3895;386;2408;61.80
0.8;57;6303;3923;403;2380;62.24
0.8;58;6303;3948;379;2355;62.64
0.8;59;6303;3935;406;2368;62.43
0.8;60;6303;3922;392;2381;62.22
0.8;61;6303;3925;395;2378;62.27
0.8;62;6303;3938;402;2365;62.48
0.8;63;6303;3930;384;2373;62.35
0.8;64;6303;3924;385;2379;62.26
0.8;65;6303;3930;401;2373;62.35
0.8;66;6303;3948;393;2355;62.64
0.8;67;6303;3935;396;2368;62.43
0.8;68;6303;3936;393;2367;62.45
0.8;69;6303;3963;390;2340;62.87
0.8;70;6303;3914;385;2389;62.10
0.8;71;6303;3884;374;2419;61.62
0.8;72;6303;3927;387;2376;62.30
0.8;73;6303;3901;397;2402;61.89
0.8;74;6303;3905;391;2398;61.95
0.8;75;6303;3921;387;2382;62.21
0.8;76;6303;3907;387;2396;61.99
0.8;77;6303;3943;388;2360;62.56
0.8;78;6303;3931;394;2372;62.37
0.8;79;6303;3956;392;2347;62.76
0.8;80;6303;3908;386;2395;62.00
0.8;81;6303;3933;391;2370;62.40
0.8;82;6303;3963;394;2340;62.87
0.8;83;6303;3911;388;2392;62.05
0.8;84;6303;3922;384;2381;62.22
0.8;85;6303;3909;387;2394;62.02
0.8;86;6303;3924;394;2379;62.26
0.8;87;6303;3925;399;2378;62.27
0.8;88;6303;3953;388;2350;62.72
0.8;89;6303;3909;396;2394;62.02
0.8;90;6303;3906;386;2397;61.97
0.8;91;6303;3930;386;2373;62.35
0.8;92;6303;3908;385;2395;62.00
0.8;93;6303;3927;382;2376;62.30
0.8;94;6303;3954;399;2349;62.73
0.8;95;6303;3934;385;2369;62.41
0.8;96;6303;3891;388;2412;61.73
0.8;97;6303;3876;389;2427;61.49
0.8;98;6303;3904;403;2399;61.94
0.8;99;6303;3912;389;2391;62.07
0.8;100;6303;3902;383;2401;61.91
0.9;1;7091;4417;444;2674;62.29
0.9;2;7091;4444;450;2647;62.67
0.9;3;7091;4406;441;2685;62.14
0.9;4;7091;4405;424;2686;62.12
0.9;5;7091;4405;436;2686;62.12
0.9;6;7091;4405;443;2686;62.12
0.9;7;7091;4423;428;2668;62.37
0.9;8;7091;4420;440;2671;62.33
0.9;9;7091;4420;440;2671;62.33
0.9;10;7091;4411;442;2680;62.21
0.9;11;7091;4408;437;2683;62.16
0.9;12;7091;4408;438;2683;62.16
0.9;13;7091;4418;430;2673;62.30
0.9;14;7091;4425;440;2666;62.40
0.9;15;7091;4425;445;2666;62.40
0.9;16;7091;4415;437;2676;62.26
0.9;17;7091;4417;440;2674;62.29
0.9;18;7091;4392;438;2699;61.94
0.9;19;7091;4417;434;2674;62.29
0.9;20;7091;4433;444;2658;62.52
0.9;21;7091;4388;431;2703;61.88
0.9;22;7091;4414;442;2677;62.25
0.9;23;7091;4419;443;2672;62.32
0.9;24;7091;4433;446;2658;62.52
0.9;25;7091;4410;431;2681;62.19
0.9;26;7091;4406;433;2685;62.14
0.9;27;7091;4397;425;2694;62.01
0.9;28;7091;4427;437;2664;62.43
0.9;29;7091;4419;434;2672;62.32
0.9;30;7091;4403;434;2688;62.09
0.9;31;7091;4397;439;2694;62.01
0.9;32;7091;4392;424;2699;61.94
0.9;33;7091;4430;435;2661;62.47
0.9;34;7091;4424;439;2667;62.39
0.9;35;7091;4416;444;2675;62.28
0.9;36;7091;4402;441;2689;62.08
0.9;37;7091;4412;424;2679;62.22
0.9;38;7091;4418;429;2673;62.30
0.9;39;7091;4440;434;2651;62.61
0.9;40;7091;4422;434;2669;62.36
0.9;41;7091;4420;446;2671;62.33
0.9;42;7091;4402;427;2689;62.08
0.9;43;7091;4430;444;2661;62.47
0.9;44;7091;4424;442;2667;62.39
0.9;45;7091;4409;437;2682;62.18
0.9;46;7091;4393;434;2698;61.95
0.9;47;7091;4396;434;2695;61.99
0.9;48;7091;4415;433;2676;62.26
0.9;49;7091;4406;426;2685;62.14
0.9;50;7091;4415;441;2676;62.26
0.9;51;7091;4436;451;2655;62.56
0.9;52;7091;4414;429;2677;62.25
0.9;53;7091;4413;442;2678;62.23
0.9;54;7091;4416;432;2675;62.28
0.9;55;7091;4401;438;2690;62.06
0.9;56;7091;4424;441;2667;62.39
0.9;57;7091;4405;445;2686;62.12
0.9;58;7091;4424;436;2667;62.39
0.9;59;7091;4390;441;2701;61.91
0.9;60;7091;4415;432;2676;62.26
0.9;61;7091;4414;437;2677;62.25
0.9;62;7091;4424;444;2667;62.39
0.9;63;7091;4441;440;2650;62.63
0.9;64;7091;4435;446;2656;62.54
0.9;65;7091;4410;428;2681;62.19
0.9;66;7091;4385;424;2706;61.84
0.9;67;7091;4411;449;2680;62.21
0.9;68;7091;4411;438;2680;62.21
0.9;69;7091;4429;442;2662;62.46
0.9;70;7091;4385;432;2706;61.84
0.9;71;7091;4402;442;2689;62.08
0.9;72;7091;4408;445;2683;62.16
0.9;73;7091;4427;433;2664;62.43
0.9;74;7091;4387;433;2704;61.87
0.9;75;7091;4410;426;2681;62.19
0.9;76;7091;4403;439;2688;62.09
0.9;77;7091;4429;439;2662;62.46
0.9;78;7091;4418;436;2673;62.30
0.9;79;7091;4420;429;2671;62.33
0.9;80;7091;4404;438;2687;62.11
0.9;81;7091;4412;445;2679;62.22
0.9;82;7091;4424;444;2667;62.39
0.9;83;7091;4405;442;2686;62.12
0.9;84;7091;4396;432;2695;61.99
0.9;85;7091;4423;430;2668;62.37
0.9;86;7091;4422;441;2669;62.36
0.9;87;7091;4398;447;2693;62.02
0.9;88;7091;4422;445;2669;62.36
0.9;89;7091;4413;449;2678;62.23
0.9;90;7091;4419;447;2672;62.32
0.9;91;7091;4422;432;2669;62.36
0.9;92;7091;4401;439;2690;62.06
0.9;93;7091;4419;444;2672;62.32
0.9;94;7091;4424;436;2667;62.39
0.9;95;7091;4420;443;2671;62.33
0.9;96;7091;4413;438;2678;62.23
0.9;97;7091;4405;429;2686;62.12
0.9;98;7091;4421;442;2670;62.35
0.9;99;7091;4437;443;2654;62.57
0.9;100;7091;4403;441;2688;62.09
