100;1;100;66;2;34;66.00
100;2;100;58;2;42;58.00
100;3;100;69;6;31;69.00
100;4;100;72;5;28;72.00
100;5;100;65;6;35;65.00
100;6;100;60;3;40;60.00
100;7;100;71;1;29;71.00
100;8;100;68;4;32;68.00
100;9;100;68;4;32;68.00
100;10;100;74;1;26;74.00
100;11;100;64;2;36;64.00
100;12;100;70;7;30;70.00
100;13;100;61;3;39;61.00
100;14;100;59;3;41;59.00
100;15;100;70;6;30;70.00
100;16;100;63;1;37;63.00
100;17;100;70;9;30;70.00
100;18;100;75;1;25;75.00
100;19;100;74;4;26;74.00
100;20;100;56;2;44;56.00
100;21;100;69;4;31;69.00
100;22;100;75;4;25;75.00
100;23;100;76;1;24;76.00
100;24;100;65;5;35;65.00
100;25;100;64;1;36;64.00
100;26;100;67;0;33;67.00
100;27;100;66;2;34;66.00
100;28;100;65;1;35;65.00
100;29;100;63;3;37;63.00
100;30;100;67;0;33;67.00
100;31;100;67;6;33;67.00
100;32;100;72;2;28;72.00
100;33;100;62;3;38;62.00
100;34;100;63;2;37;63.00
100;35;100;67;2;33;67.00
100;36;100;73;1;27;73.00
100;37;100;72;4;28;72.00
100;38;100;63;2;37;63.00
100;39;100;71;3;29;71.00
100;40;100;64;1;36;64.00
100;41;100;63;1;37;63.00
100;42;100;67;5;33;67.00
100;43;100;69;3;31;69.00
100;44;100;65;2;35;65.00
100;45;100;66;3;34;66.00
100;46;100;66;3;34;66.00
100;47;100;68;5;32;68.00
100;48;100;65;2;35;65.00
100;49;100;68;2;32;68.00
100;50;100;64;3;36;64.00
100;51;100;64;5;36;64.00
100;52;100;67;4;33;67.00
100;53;100;64;6;36;64.00
100;54;100;73;2;27;73.00
100;55;100;63;4;37;63.00
100;56;100;62;3;38;62.00
100;57;100;64;3;36;64.00
100;58;100;70;6;30;70.00
100;59;100;67;2;33;67.00
100;60;100;71;1;29;71.00
100;61;100;77;7;23;77.00
100;62;100;65;5;35;65.00
100;63;100;69;2;31;69.00
100;64;100;64;3;36;64.00
100;65;100;72;1;28;72.00
100;66;100;72;5;28;72.00
100;67;100;65;5;35;65.00
100;68;100;69;6;31;69.00
100;69;100;70;1;30;70.00
100;70;100;72;3;28;72.00
100;71;100;70;2;30;70.00
100;72;100;63;2;37;63.00
100;73;100;69;1;31;69.00
100;74;100;71;5;29;71.00
100;75;100;64;2;36;64.00
100;76;100;65;5;35;65.00
100;77;100;58;3;42;58.00
100;78;100;74;9;26;74.00
100;79;100;66;3;34;66.00
100;80;100;68;6;32;68.00
100;81;100;76;1;24;76.00
100;82;100;67;3;33;67.00
100;83;100;65;5;35;65.00
100;84;100;69;4;31;69.00
100;85;100;67;4;33;67.00
100;86;100;65;3;35;65.00
100;87;100;67;4;33;67.00
100;88;100;67;3;33;67.00
100;89;100;64;7;36;64.00
100;90;100;63;0;37;63.00
100;91;100;63;3;37;63.00
100;92;100;67;1;33;67.00
100;93;100;74;4;26;74.00
100;94;100;72;3;28;72.00
100;95;100;67;3;33;67.00
100;96;100;69;5;31;69.00
100;97;100;58;4;42;58.00
100;98;100;60;3;40;60.00
100;99;100;72;7;28;72.00
100;100;100;64;1;36;64.00
200;1;200;126;9;74;63.00
200;2;200;132;6;68;66.00
200;3;200;131;8;69;65.50
200;4;200;140;6;60;70.00
200;5;200;137;6;63;68.50
200;6;200;142;10;58;71.00
200;7;200;135;7;65;67.50
200;8;200;133;2;67;66.50
200;9;200;121;3;79;60.50
200;10;200;130;4;70;65.00
200;11;200;138;9;62;69.00
200;12;200;149;11;51;74.50
200;13;200;146;7;54;73.00
200;14;200;145;12;55;72.50
200;15;200;129;8;71;64.50
200;16;200;124;6;76;62.00
200;17;200;128;8;72;64.00
200;18;200;132;7;68;66.00
200;19;200;133;9;67;66.50
200;20;200;127;6;73;63.50
200;21;200;138;10;62;69.00
200;22;200;137;10;63;68.50
200;23;200;135;10;65;67.50
200;24;200;127;5;73;63.50
200;25;200;137;8;63;68.50
200;26;200;146;5;54;73.00
200;27;200;132;7;68;66.00
200;28;200;126;11;74;63.00
200;29;200;149;7;51;74.50
200;30;200;133;5;67;66.50
200;31;200;150;11;50;75.00
200;32;200;143;3;57;71.50
200;33;200;147;9;53;73.50
200;34;200;136;9;64;68.00
200;35;200;142;8;58;71.00
200;36;200;142;3;58;71.00
200;37;200;133;7;67;66.50
200;38;200;120;4;80;60.00
200;39;200;131;9;69;65.50
200;40;200;134;12;66;67.00
200;41;200;147;5;53;73.50
200;42;200;135;12;65;67.50
200;43;200;126;8;74;63.00
200;44;200;136;2;64;68.00
200;45;200;137;3;63;68.50
200;46;200;123;3;77;61.50
200;47;200;132;10;68;66.00
200;48;200;132;7;68;66.00
200;49;200;129;6;71;64.50
200;50;200;136;7;64;68.00
200;51;200;127;3;73;63.50
200;52;200;136;3;64;68.00
200;53;200;136;8;64;68.00
200;54;200;129;6;71;64.50
200;55;200;130;10;70;65.00
200;56;200;133;9;67;66.50
200;57;200;122;6;78;61.00
200;58;200;127;5;73;63.50
200;59;200;126;7;74;63.00
200;60;200;136;13;64;68.00
200;61;200;135;6;65;67.50
200;62;200;130;5;70;65.00
200;63;200;125;6;75;62.50
200;64;200;124;10;76;62.00
200;65;200;136;8;64;68.00
200;66;200;132;8;68;66.00
200;67;200;129;6;71;64.50
200;68;200;132;10;68;66.00
200;69;200;137;8;63;68.50
200;70;200;141;11;59;70.50
200;71;200;136;10;64;68.00
200;72;200;132;6;68;66.00
200;73;200;121;4;79;60.50
200;74;200;128;6;72;64.00
200;75;200;127;6;73;63.50
200;76;200;138;9;62;69.00
200;77;200;136;7;64;68.00
200;78;200;116;9;84;58.00
200;79;200;125;4;75;62.50
200;80;200;121;5;79;60.50
200;81;200;131;6;69;65.50
200;82;200;135;7;65;67.50
200;83;200;137;9;63;68.50
200;84;200;137;5;63;68.50
200;85;200;128;8;72;64.00
200;86;200;135;8;65;67.50
200;87;200;139;8;61;69.50
200;88;200;134;9;66;67.00
200;89;200;137;14;63;68.50
200;90;200;138;7;62;69.00
200;91;200;138;7;62;69.00
200;92;200;126;6;74;63.00
200;93;200;137;5;63;68.50
200;94;200;137;7;63;68.50
200;95;200;133;6;67;66.50
200;96;200;139;6;61;69.50
200;97;200;139;4;61;69.50
200;98;200;141;8;59;70.50
200;99;200;131;7;69;65.50
200;100;200;124;12;76;62.00
300;1;300;184;8;116;61.33
300;2;300;197;9;103;65.67
300;3;300;195;9;105;65.00
300;4;300;212;11;88;70.67
300;5;300;196;11;104;65.33
300;6;300;216;14;84;72.00
300;7;300;209;13;91;69.67
300;8;300;193;15;107;64.33
300;9;300;199;17;101;66.33
300;10;300;210;5;90;70.00
300;11;300;208;9;92;69.33
300;12;300;194;6;106;64.67
300;13;300;188;8;112;62.67
300;14;300;206;8;94;68.67
300;15;300;206;8;94;68.67
300;16;300;204;7;96;68.00
300;17;300;199;9;101;66.33
300;18;300;204;8;96;68.00
300;19;300;213;6;87;71.00
300;20;300;201;14;99;67.00
300;21;300;193;12;107;64.33
300;22;300;208;10;92;69.33
300;23;300;206;11;94;68.67
300;24;300;198;11;102;66.00
300;25;300;191;12;109;63.67
300;26;300;197;14;103;65.67
300;27;300;207;14;93;69.00
300;28;300;199;5;101;66.33
300;29;300;220;9;80;73.33
300;30;300;190;10;110;63.33
300;31;300;211;10;89;70.33
300;32;300;200;11;100;66.67
300;33;300;205;11;95;68.33
300;34;300;219;11;81;73.00
300;35;300;192;11;108;64.00
300;36;300;200;10;100;66.67
300;37;300;212;8;88;70.67
300;38;300;210;15;90;70.00
300;39;300;201;8;99;67.00
300;40;300;201;12;99;67.00
300;41;300;205;10;95;68.33
300;42;300;198;8;102;66.00
300;43;300;200;14;100;66.67
300;44;300;203;10;97;67.67
300;45;300;206;15;94;68.67
300;46;300;222;10;78;74.00
300;47;300;209;19;91;69.67
300;48;300;205;10;95;68.33
300;49;300;210;11;90;70.00
300;50;300;201;13;99;67.00
300;51;300;190;10;110;63.33
300;52;300;188;10;112;62.67
300;53;300;211;9;89;70.33
300;54;300;210;9;90;70.00
300;55;300;202;7;98;67.33
300;56;300;191;10;109;63.67
300;57;300;203;7;97;67.67
300;58;300;198;8;102;66.00
300;59;300;183;9;117;61.00
300;60;300;209;10;91;69.67
300;61;300;190;9;110;63.33
300;62;300;210;8;90;70.00
300;63;300;191;8;109;63.67
300;64;300;187;12;113;62.33
300;65;300;196;12;104;65.33
300;66;300;219;9;81;73.00
300;67;300;207;16;93;69.00
300;68;300;203;6;97;67.67
300;69;300;207;9;93;69.00
300;70;300;204;11;96;68.00
300;71;300;222;14;78;74.00
300;72;300;208;10;92;69.33
300;73;300;209;11;91;69.67
300;74;300;203;18;97;67.67
300;75;300;206;10;94;68.67
300;76;300;192;9;108;64.00
300;77;300;192;9;108;64.00
300;78;300;197;8;103;65.67
300;79;300;194;12;106;64.67
300;80;300;189;10;111;63.00
300;81;300;208;19;92;69.33
300;82;300;203;7;97;67.67
300;83;300;192;9;108;64.00
300;84;300;202;9;98;67.33
300;85;300;206;13;94;68.67
300;86;300;194;13;106;64.67
300;87;300;195;5;105;65.00
300;88;300;199;5;101;66.33
300;89;300;198;16;102;66.00
300;90;300;202;12;98;67.33
300;91;300;211;5;89;70.33
300;92;300;193;8;107;64.33
300;93;300;199;5;101;66.33
300;94;300;202;10;98;67.33
300;95;300;200;13;100;66.67
300;96;300;204;10;96;68.00
300;97;300;205;8;95;68.33
300;98;300;193;13;107;64.33
300;99;300;204;13;96;68.00
300;100;300;200;14;100;66.67
400;1;400;262;20;138;65.50
400;2;400;287;14;113;71.75
400;3;400;282;12;118;70.50
400;4;400;271;12;129;67.75
400;5;400;264;10;136;66.00
400;6;400;277;13;123;69.25
400;7;400;265;13;135;66.25
400;8;400;262;11;138;65.50
400;9;400;273;8;127;68.25
400;10;400;277;12;123;69.25
400;11;400;267;7;133;66.75
400;12;400;267;13;133;66.75
400;13;400;273;15;127;68.25
400;14;400;276;14;124;69.00
400;15;400;291;15;109;72.75
400;16;400;270;5;130;67.50
400;17;400;260;14;140;65.00
400;18;400;271;13;129;67.75
400;19;400;268;8;132;67.00
400;20;400;268;12;132;67.00
400;21;400;281;13;119;70.25
400;22;400;276;11;124;69.00
400;23;400;272;9;128;68.00
400;24;400;265;24;135;66.25
400;25;400;262;12;138;65.50
400;26;400;258;17;142;64.50
400;27;400;263;17;137;65.75
400;28;400;272;14;128;68.00
400;29;400;272;12;128;68.00
400;30;400;274;16;126;68.50
400;31;400;271;12;129;67.75
400;32;400;268;18;132;67.00
400;33;400;283;20;117;70.75
400;34;400;262;15;138;65.50
400;35;400;277;20;123;69.25
400;36;400;275;14;125;68.75
400;37;400;279;11;121;69.75
400;38;400;267;16;133;66.75
400;39;400;283;11;117;70.75
400;40;400;270;13;130;67.50
400;41;400;277;19;123;69.25
400;42;400;269;12;131;67.25
400;43;400;278;7;122;69.50
400;44;400;267;14;133;66.75
400;45;400;268;17;132;67.00
400;46;400;254;11;146;63.50
400;47;400;268;10;132;67.00
400;48;400;259;12;141;64.75
400;49;400;255;13;145;63.75
400;50;400;256;13;144;64.00
400;51;400;263;10;137;65.75
400;52;400;271;12;129;67.75
400;53;400;271;9;129;67.75
400;54;400;274;13;126;68.50
400;55;400;274;14;126;68.50
400;56;400;269;14;131;67.25
400;57;400;266;13;134;66.50
400;58;400;255;13;145;63.75
400;59;400;276;16;124;69.00
400;60;400;272;17;128;68.00
400;61;400;257;12;143;64.25
400;62;400;263;13;137;65.75
400;63;400;277;16;123;69.25
400;64;400;268;9;132;67.00
400;65;400;243;14;157;60.75
400;66;400;281;19;119;70.25
400;67;400;270;13;130;67.50
400;68;400;246;19;154;61.50
400;69;400;263;19;137;65.75
400;70;400;273;11;127;68.25
400;71;400;257;15;143;64.25
400;72;400;259;13;141;64.75
400;73;400;274;18;126;68.50
400;74;400;272;12;128;68.00
400;75;400;262;24;138;65.50
400;76;400;261;15;139;65.25
400;77;400;261;18;139;65.25
400;78;400;277;17;123;69.25
400;79;400;266;17;134;66.50
400;80;400;255;17;145;63.75
400;81;400;286;16;114;71.50
400;82;400;271;7;129;67.75
400;83;400;279;13;121;69.75
400;84;400;258;23;142;64.50
400;85;400;274;12;126;68.50
400;86;400;267;10;133;66.75
400;87;400;273;15;127;68.25
400;88;400;281;17;119;70.25
400;89;400;260;15;140;65.00
400;90;400;265;17;135;66.25
400;91;400;257;9;143;64.25
400;92;400;277;16;123;69.25
400;93;400;266;15;134;66.50
400;94;400;282;13;118;70.50
400;95;400;237;14;163;59.25
400;96;400;279;14;121;69.75
400;97;400;262;12;138;65.50
400;98;400;259;13;141;64.75
400;99;400;286;10;114;71.50
400;100;400;271;14;129;67.75
500;1;500;345;15;155;69.00
500;2;500;336;21;164;67.20
500;3;500;334;20;166;66.80
500;4;500;354;20;146;70.80
500;5;500;326;18;174;65.20
500;6;500;349;26;151;69.80
500;7;500;339;18;161;67.80
500;8;500;328;25;172;65.60
500;9;500;339;22;161;67.80
500;10;500;340;11;160;68.00
500;11;500;328;15;172;65.60
500;12;500;335;22;165;67.00
500;13;500;345;25;155;69.00
500;14;500;343;28;157;68.60
500;15;500;348;13;152;69.60
500;16;500;327;18;173;65.40
500;17;500;350;16;150;70.00
500;18;500;333;15;167;66.60
500;19;500;339;18;161;67.80
500;20;500;333;21;167;66.60
500;21;500;352;15;148;70.40
500;22;500;354;17;146;70.80
500;23;500;343;18;157;68.60
500;24;500;318;10;182;63.60
500;25;500;336;18;164;67.20
500;26;500;351;14;149;70.20
500;27;500;334;9;166;66.80
500;28;500;347;17;153;69.40
500;29;500;332;22;168;66.40
500;30;500;348;16;152;69.60
500;31;500;340;20;160;68.00
500;32;500;344;13;156;68.80
500;33;500;334;19;166;66.80
500;34;500;324;11;176;64.80
500;35;500;332;16;168;66.40
500;36;500;353;8;147;70.60
500;37;500;342;20;158;68.40
500;38;500;331;22;169;66.20
500;39;500;337;21;163;67.40
500;40;500;348;16;152;69.60
500;41;500;335;23;165;67.00
500;42;500;327;22;173;65.40
500;43;500;335;15;165;67.00
500;44;500;333;21;167;66.60
500;45;500;335;20;165;67.00
500;46;500;335;17;165;67.00
500;47;500;340;8;160;68.00
500;48;500;351;20;149;70.20
500;49;500;343;21;157;68.60
500;50;500;335;14;165;67.00
500;51;500;339;34;161;67.80
500;52;500;349;21;151;69.80
500;53;500;337;20;163;67.40
500;54;500;337;13;163;67.40
500;55;500;337;18;163;67.40
500;56;500;329;16;171;65.80
500;57;500;350;13;150;70.00
500;58;500;343;17;157;68.60
500;59;500;314;20;186;62.80
500;60;500;330;14;170;66.00
500;61;500;339;18;161;67.80
500;62;500;326;13;174;65.20
500;63;500;322;17;178;64.40
500;64;500;342;15;158;68.40
500;65;500;341;13;159;68.20
500;66;500;336;17;164;67.20
500;67;500;329;20;171;65.80
500;68;500;333;17;167;66.60
500;69;500;333;17;167;66.60
500;70;500;334;20;166;66.80
500;71;500;333;10;167;66.60
500;72;500;340;10;160;68.00
500;73;500;334;17;166;66.80
500;74;500;337;19;163;67.40
500;75;500;330;16;170;66.00
500;76;500;329;18;171;65.80
500;77;500;340;21;160;68.00
500;78;500;323;15;177;64.60
500;79;500;333;13;167;66.60
500;80;500;340;14;160;68.00
500;81;500;327;8;173;65.40
500;82;500;343;19;157;68.60
500;83;500;332;15;168;66.40
500;84;500;339;14;161;67.80
500;85;500;353;22;147;70.60
500;86;500;339;17;161;67.80
500;87;500;340;21;160;68.00
500;88;500;330;16;170;66.00
500;89;500;341;15;159;68.20
500;90;500;331;16;169;66.20
500;91;500;336;21;164;67.20
500;92;500;345;14;155;69.00
500;93;500;324;18;176;64.80
500;94;500;344;16;156;68.80
500;95;500;351;10;149;70.20
500;96;500;320;16;180;64.00
500;97;500;324;8;176;64.80
500;98;500;319;25;181;63.80
500;99;500;332;19;168;66.40
500;100;500;322;19;178;64.40
600;1;600;396;29;204;66.00
600;2;600;399;21;201;66.50
600;3;600;404;15;196;67.33
600;4;600;407;21;193;67.83
600;5;600;411;21;189;68.50
600;6;600;398;13;202;66.33
600;7;600;414;18;186;69.00
600;8;600;399;16;201;66.50
600;9;600;401;14;199;66.83
600;10;600;415;16;185;69.17
600;11;600;397;22;203;66.17
600;12;600;424;18;176;70.67
600;13;600;409;19;191;68.17
600;14;600;401;20;199;66.83
600;15;600;405;22;195;67.50
600;16;600;398;21;202;66.33
600;17;600;392;19;208;65.33
600;18;600;409;19;191;68.17
600;19;600;380;13;220;63.33
600;20;600;398;17;202;66.33
600;21;600;414;16;186;69.00
600;22;600;396;35;204;66.00
600;23;600;402;27;198;67.00
600;24;600;401;17;199;66.83
600;25;600;390;25;210;65.00
600;26;600;416;20;184;69.33
600;27;600;394;30;206;65.67
600;28;600;406;22;194;67.67
600;29;600;419;18;181;69.83
600;30;600;389;22;211;64.83
600;31;600;403;24;197;67.17
600;32;600;403;28;197;67.17
600;33;600;410;26;190;68.33
600;34;600;399;22;201;66.50
600;35;600;390;22;210;65.00
600;36;600;413;17;187;68.83
600;37;600;409;28;191;68.17
600;38;600;423;19;177;70.50
600;39;600;398;19;202;66.33
600;40;600;424;19;176;70.67
600;41;600;414;28;186;69.00
600;42;600;404;19;196;67.33
600;43;600;401;28;199;66.83
600;44;600;391;19;209;65.17
600;45;600;409;27;191;68.17
600;46;600;423;19;177;70.50
600;47;600;414;27;186;69.00
600;48;600;408;20;192;68.00
600;49;600;412;25;188;68.67
600;50;600;402;24;198;67.00
600;51;600;392;29;208;65.33
600;52;600;414;23;186;69.00
600;53;600;415;24;185;69.17
600;54;600;412;21;188;68.67
600;55;600;429;24;171;71.50
600;56;600;387;21;213;64.50
600;57;600;411;22;189;68.50
600;58;600;423;15;177;70.50
600;59;600;415;23;185;69.17
600;60;600;427;16;173;71.17
600;61;600;391;21;209;65.17
600;62;600;381;20;219;63.50
600;63;600;405;27;195;67.50
600;64;600;390;20;210;65.00
600;65;600;423;25;177;70.50
600;66;600;393;24;207;65.50
600;67;600;422;23;178;70.33
600;68;600;396;21;204;66.00
600;69;600;391;18;209;65.17
600;70;600;400;15;200;66.67
600;71;600;412;22;188;68.67
600;72;600;411;16;189;68.50
600;73;600;393;15;207;65.50
600;74;600;395;15;205;65.83
600;75;600;388;27;212;64.67
600;76;600;421;23;179;70.17
600;77;600;407;18;193;67.83
600;78;600;392;24;208;65.33
600;79;600;411;20;189;68.50
600;80;600;389;18;211;64.83
600;81;600;388;24;212;64.67
600;82;600;414;26;186;69.00
600;83;600;413;22;187;68.83
600;84;600;411;14;189;68.50
600;85;600;401;26;199;66.83
600;86;600;409;19;191;68.17
600;87;600;403;27;197;67.17
600;88;600;415;18;185;69.17
600;89;600;399;18;201;66.50
600;90;600;407;21;193;67.83
600;91;600;424;23;176;70.67
600;92;600;418;22;182;69.67
600;93;600;425;17;175;70.83
600;94;600;408;27;192;68.00
600;95;600;422;23;178;70.33
600;96;600;400;24;200;66.67
600;97;600;411;21;189;68.50
600;98;600;413;35;187;68.83
600;99;600;406;13;194;67.67
600;100;600;413;16;187;68.83
700;1;700;457;31;243;65.29
700;2;700;477;26;223;68.14
700;3;700;480;20;220;68.57
700;4;700;451;25;249;64.43
700;5;700;460;28;240;65.71
700;6;700;477;27;223;68.14
700;7;700;482;26;218;68.86
700;8;700;456;22;244;65.14
700;9;700;445;14;255;63.57
700;10;700;475;26;225;67.86
700;11;700;490;14;210;70.00
700;12;700;471;24;229;67.29
700;13;700;471;24;229;67.29
700;14;700;469;27;231;67.00
700;15;700;491;27;209;70.14
700;16;700;463;24;237;66.14
700;17;700;473;30;227;67.57
700;18;700;472;33;228;67.43
700;19;700;460;21;240;65.71
700;20;700;514;23;186;73.43
700;21;700;485;28;215;69.29
700;22;700;466;34;234;66.57
700;23;700;450;21;250;64.29
700;24;700;487;28;213;69.57
700;25;700;465;27;235;66.43
700;26;700;451;22;249;64.43
700;27;700;472;19;228;67.43
700;28;700;464;31;236;66.29
700;29;700;483;35;217;69.00
700;30;700;491;30;209;70.14
700;31;700;476;25;224;68.00
700;32;700;469;19;231;67.00
700;33;700;496;30;204;70.86
700;34;700;455;26;245;65.00
700;35;700;469;21;231;67.00
700;36;700;455;28;245;65.00
700;37;700;470;33;230;67.14
700;38;700;466;26;234;66.57
700;39;700;471;26;229;67.29
700;40;700;485;18;215;69.29
700;41;700;468;28;232;66.86
700;42;700;458;27;242;65.43
700;43;700;459;27;241;65.57
700;44;700;467;25;233;66.71
700;45;700;463;29;237;66.14
700;46;700;477;23;223;68.14
700;47;700;476;22;224;68.00
700;48;700;489;21;211;69.86
700;49;700;471;31;229;67.29
700;50;700;446;24;254;63.71
700;51;700;480;25;220;68.57
700;52;700;484;34;216;69.14
700;53;700;461;25;239;65.86
700;54;700;473;26;227;67.57
700;55;700;491;27;209;70.14
700;56;700;444;20;256;63.43
700;57;700;467;27;233;66.71
700;58;700;451;26;249;64.43
700;59;700;471;25;229;67.29
700;60;700;470;33;230;67.14
700;61;700;474;45;226;67.71
700;62;700;466;29;234;66.57
700;63;700;470;21;230;67.14
700;64;700;447;26;253;63.86
700;65;700;463;21;237;66.14
700;66;700;474;26;226;67.71
700;67;700;471;29;229;67.29
700;68;700;469;24;231;67.00
700;69;700;486;24;214;69.43
700;70;700;460;25;240;65.71
700;71;700;481;28;219;68.71
700;72;700;475;21;225;67.86
700;73;700;472;26;228;67.43
700;74;700;476;13;224;68.00
700;75;700;488;23;212;69.71
700;76;700;468;21;232;66.86
700;77;700;476;20;224;68.00
700;78;700;446;18;254;63.71
700;79;700;457;26;243;65.29
700;80;700;457;29;243;65.29
700;81;700;469;29;231;67.00
700;82;700;460;25;240;65.71
700;83;700;452;25;248;64.57
700;84;700;454;22;246;64.86
700;85;700;471;31;229;67.29
700;86;700;478;22;222;68.29
700;87;700;460;24;240;65.71
700;88;700;479;26;221;68.43
700;89;700;484;26;216;69.14
700;90;700;463;32;237;66.14
700;91;700;481;24;219;68.71
700;92;700;470;25;230;67.14
700;93;700;473;27;227;67.57
700;94;700;467;33;233;66.71
700;95;700;472;22;228;67.43
700;96;700;460;23;240;65.71
700;97;700;463;27;237;66.14
700;98;700;459;24;241;65.57
700;99;700;468;21;232;66.86
700;100;700;470;26;230;67.14
800;1;800;534;27;266;66.75
800;2;800;538;24;262;67.25
800;3;800;526;31;274;65.75
800;4;800;545;27;255;68.12
800;5;800;502;21;298;62.75
800;6;800;540;31;260;67.50
800;7;800;531;32;269;66.38
800;8;800;539;26;261;67.38
800;9;800;532;25;268;66.50
800;10;800;549;42;251;68.62
800;11;800;519;28;281;64.88
800;12;800;548;29;252;68.50
800;13;800;534;27;266;66.75
800;14;800;551;36;249;68.88
800;15;800;544;36;256;68.00
800;16;800;532;25;268;66.50
800;17;800;523;25;277;65.38
800;18;800;534;25;266;66.75
800;19;800;516;23;284;64.50
800;20;800;550;26;250;68.75
800;21;800;542;25;258;67.75
800;22;800;532;25;268;66.50
800;23;800;522;30;278;65.25
800;24;800;524;28;276;65.50
800;25;800;542;32;258;67.75
800;26;800;555;29;245;69.38
800;27;800;548;27;252;68.50
800;28;800;542;31;258;67.75
800;29;800;536;17;264;67.00
800;30;800;549;31;251;68.62
800;31;800;564;24;236;70.50
800;32;800;540;31;260;67.50
800;33;800;536;33;264;67.00
800;34;800;527;21;273;65.88
800;35;800;552;32;248;69.00
800;36;800;527;31;273;65.88
800;37;800;530;30;270;66.25
800;38;800;540;25;260;67.50
800;39;800;535;32;265;66.88
800;40;800;550;30;250;68.75
800;41;800;535;23;265;66.88
800;42;800;544;35;256;68.00
800;43;800;534;31;266;66.75
800;44;800;558;38;242;69.75
800;45;800;529;23;271;66.12
800;46;800;543;32;257;67.88
800;47;800;550;34;250;68.75
800;48;800;532;22;268;66.50
800;49;800;552;21;248;69.00
800;50;800;527;36;273;65.88
800;51;800;556;40;244;69.50
800;52;800;536;26;264;67.00
800;53;800;515;26;285;64.38
800;54;800;536;36;264;67.00
800;55;800;530;38;270;66.25
800;56;800;520;21;280;65.00
800;57;800;553;37;247;69.12
800;58;800;536;30;264;67.00
800;59;800;523;32;277;65.38
800;60;800;533;23;267;66.62
800;61;800;544;27;256;68.00
800;62;800;524;34;276;65.50
800;63;800;541;29;259;67.62
800;64;800;513;31;287;64.12
800;65;800;542;33;258;67.75
800;66;800;524;27;276;65.50
800;67;800;531;18;269;66.38
800;68;800;520;25;280;65.00
800;69;800;547;27;253;68.38
800;70;800;536;30;264;67.00
800;71;800;526;30;274;65.75
800;72;800;507;27;293;63.38
800;73;800;553;34;247;69.12
800;74;800;549;27;251;68.62
800;75;800;543;23;257;67.88
800;76;800;533;27;267;66.62
800;77;800;543;32;257;67.88
800;78;800;529;25;271;66.12
800;79;800;540;43;260;67.50
800;80;800;533;23;267;66.62
800;81;800;540;27;260;67.50
800;82;800;544;24;256;68.00
800;83;800;516;30;284;64.50
800;84;800;541;32;259;67.62
800;85;800;513;34;287;64.12
800;86;800;517;22;283;64.62
800;87;800;547;28;253;68.38
800;88;800;528;30;272;66.00
800;89;800;535;32;265;66.88
800;90;800;551;41;249;68.88
800;91;800;540;31;260;67.50
800;92;800;541;26;259;67.62
800;93;800;546;26;254;68.25
800;94;800;551;37;249;68.88
800;95;800;550;25;250;68.75
800;96;800;547;29;253;68.38
800;97;800;536;28;264;67.00
800;98;800;550;24;250;68.75
800;99;800;510;36;290;63.75
800;100;800;529;18;271;66.12
900;1;900;596;34;304;66.22
900;2;900;582;34;318;64.67
900;3;900;621;30;279;69.00
900;4;900;598;33;302;66.44
900;5;900;596;28;304;66.22
900;6;900;563;29;337;62.56
900;7;900;622;35;278;69.11
900;8;900;603;30;297;67.00
900;9;900;610;43;290;67.78
900;10;900;601;32;299;66.78
900;11;900;623;35;277;69.22
900;12;900;600;43;300;66.67
900;13;900;584;28;316;64.89
900;14;900;611;35;289;67.89
900;15;900;596;32;304;66.22
900;16;900;582;36;318;64.67
900;17;900;606;27;294;67.33
900;18;900;598;23;302;66.44
900;19;900;589;33;311;65.44
900;20;900;615;38;285;68.33
900;21;900;616;29;284;68.44
900;22;900;628;35;272;69.78
900;23;900;608;27;292;67.56
900;24;900;599;41;301;66.56
900;25;900;625;32;275;69.44
900;26;900;583;26;317;64.78
900;27;900;616;34;284;68.44
900;28;900;624;37;276;69.33
900;29;900;606;42;294;67.33
900;30;900;596;32;304;66.22
900;31;900;605;32;295;67.22
900;32;900;605;35;295;67.22
900;33;900;590;34;310;65.56
900;34;900;618;41;282;68.67
900;35;900;605;27;295;67.22
900;36;900;629;43;271;69.89
900;37;900;581;23;319;64.56
900;38;900;593;25;307;65.89
900;39;900;634;28;266;70.44
900;40;900;607;29;293;67.44
900;41;900;611;28;289;67.89
900;42;900;606;39;294;67.33
900;43;900;605;34;295;67.22
900;44;900;647;32;253;71.89
900;45;900;603;37;297;67.00
900;46;900;609;29;291;67.67
900;47;900;620;36;280;68.89
900;48;900;586;38;314;65.11
900;49;900;605;29;295;67.22
900;50;900;592;33;308;65.78
900;51;900;591;21;309;65.67
900;52;900;608;22;292;67.56
900;53;900;612;30;288;68.00
900;54;900;613;36;287;68.11
900;55;900;607;40;293;67.44
900;56;900;612;31;288;68.00
900;57;900;608;21;292;67.56
900;58;900;604;28;296;67.11
900;59;900;619;29;281;68.78
900;60;900;602;31;298;66.89
900;61;900;603;23;297;67.00
900;62;900;610;29;290;67.78
900;63;900;622;33;278;69.11
900;64;900;599;33;301;66.56
900;65;900;611;36;289;67.89
900;66;900;607;33;293;67.44
900;67;900;606;32;294;67.33
900;68;900;593;22;307;65.89
900;69;900;599;40;301;66.56
900;70;900;605;34;295;67.22
900;71;900;582;20;318;64.67
900;72;900;604;29;296;67.11
900;73;900;614;26;286;68.22
900;74;900;615;26;285;68.33
900;75;900;587;27;313;65.22
900;76;900;611;32;289;67.89
900;77;900;617;33;283;68.56
900;78;900;601;39;299;66.78
900;79;900;612;29;288;68.00
900;80;900;612;36;288;68.00
900;81;900;605;33;295;67.22
900;82;900;604;43;296;67.11
900;83;900;604;23;296;67.11
900;84;900;610;38;290;67.78
900;85;900;628;37;272;69.78
900;86;900;597;32;303;66.33
900;87;900;597;39;303;66.33
900;88;900;615;34;285;68.33
900;89;900;594;42;306;66.00
900;90;900;601;30;299;66.78
900;91;900;613;35;287;68.11
900;92;900;588;28;312;65.33
900;93;900;598;30;302;66.44
900;94;900;593;27;307;65.89
900;95;900;591;30;309;65.67
900;96;900;568;31;332;63.11
900;97;900;598;32;302;66.44
900;98;900;604;38;296;67.11
900;99;900;615;32;285;68.33
900;100;900;620;29;280;68.89
1000;1;1000;689;47;311;68.90
1000;2;1000;654;32;346;65.40
1000;3;1000;660;36;340;66.00
1000;4;1000;670;38;330;67.00
1000;5;1000;665;37;335;66.50
1000;6;1000;671;31;329;67.10
1000;7;1000;672;35;328;67.20
1000;8;1000;666;39;334;66.60
1000;9;1000;673;31;327;67.30
1000;10;1000;662;27;338;66.20
1000;11;1000;661;38;339;66.10
1000;12;1000;691;45;309;69.10
1000;13;1000;678;30;322;67.80
1000;14;1000;674;33;326;67.40
1000;15;1000;692;38;308;69.20
1000;16;1000;663;32;337;66.30
1000;17;1000;650;40;350;65.00
1000;18;1000;704;32;296;70.40
1000;19;1000;679;39;321;67.90
1000;20;1000;676;45;324;67.60
1000;21;1000;668;31;332;66.80
1000;22;1000;680;40;320;68.00
1000;23;1000;681;35;319;68.10
1000;24;1000;664;37;336;66.40
1000;25;1000;700;31;300;70.00
1000;26;1000;680;29;320;68.00
1000;27;1000;664;32;336;66.40
1000;28;1000;677;31;323;67.70
1000;29;1000;660;39;340;66.00
1000;30;1000;634;36;366;63.40
1000;31;1000;682;39;318;68.20
1000;32;1000;684;39;316;68.40
1000;33;1000;670;29;330;67.00
1000;34;1000;685;42;315;68.50
1000;35;1000;664;37;336;66.40
1000;36;1000;685;40;315;68.50
1000;37;1000;677;37;323;67.70
1000;38;1000;684;41;316;68.40
1000;39;1000;670;31;330;67.00
1000;40;1000;661;31;339;66.10
1000;41;1000;666;32;334;66.60
1000;42;1000;682;43;318;68.20
1000;43;1000;665;28;335;66.50
1000;44;1000;668;38;332;66.80
1000;45;1000;675;35;325;67.50
1000;46;1000;671;32;329;67.10
1000;47;1000;660;35;340;66.00
1000;48;1000;665;41;335;66.50
1000;49;1000;669;30;331;66.90
1000;50;1000;691;50;309;69.10
1000;51;1000;694;31;306;69.40
1000;52;1000;678;27;322;67.80
1000;53;1000;646;26;354;64.60
1000;54;1000;671;35;329;67.10
1000;55;1000;683;44;317;68.30
1000;56;1000;668;39;332;66.80
1000;57;1000;675;39;325;67.50
1000;58;1000;678;29;322;67.80
1000;59;1000;647;34;353;64.70
1000;60;1000;664;37;336;66.40
1000;61;1000;665;29;335;66.50
1000;62;1000;674;35;326;67.40
1000;63;1000;636;36;364;63.60
1000;64;1000;676;40;324;67.60
1000;65;1000;658;36;342;65.80
1000;66;1000;685;39;315;68.50
1000;67;1000;668;25;332;66.80
1000;68;1000;664;33;336;66.40
1000;69;1000;662;33;338;66.20
1000;70;1000;643;29;357;64.30
1000;71;1000;669;34;331;66.90
1000;72;1000;669;30;331;66.90
1000;73;1000;682;33;318;68.20
1000;74;1000;698;43;302;69.80
1000;75;1000;685;36;315;68.50
1000;76;1000;684;44;316;68.40
1000;77;1000;678;38;322;67.80
1000;78;1000;668;31;332;66.80
1000;79;1000;662;34;338;66.20
1000;80;1000;663;47;337;66.30
1000;81;1000;699;33;301;69.90
1000;82;1000;680;27;320;68.00
1000;83;1000;679;29;321;67.90
1000;84;1000;665;35;335;66.50
1000;85;1000;666;35;334;66.60
1000;86;1000;650;40;350;65.00
1000;87;1000;672;36;328;67.20
1000;88;1000;666;35;334;66.60
1000;89;1000;678;33;322;67.80
1000;90;1000;701;38;299;70.10
1000;91;1000;697;37;303;69.70
1000;92;1000;683;49;317;68.30
1000;93;1000;653;29;347;65.30
1000;94;1000;655;36;345;65.50
1000;95;1000;669;29;331;66.90
1000;96;1000;695;43;305;69.50
1000;97;1000;645;39;355;64.50
1000;98;1000;682;25;318;68.20
1000;99;1000;662;37;338;66.20
1000;100;1000;646;36;354;64.60
