0.01;1;281;217;6;64;77.22
0.01;2;281;224;5;57;79.72
0.01;3;281;220;1;61;78.29
0.01;4;281;225;7;56;80.07
0.01;5;281;240;4;41;85.41
0.01;6;281;232;4;49;82.56
0.01;7;281;230;4;51;81.85
0.01;8;281;236;5;45;83.99
0.01;9;281;223;3;58;79.36
0.01;10;281;229;8;52;81.49
0.01;11;281;220;1;61;78.29
0.01;12;281;229;5;52;81.49
0.01;13;281;212;3;69;75.44
0.01;14;281;230;2;51;81.85
0.01;15;281;229;1;52;81.49
0.01;16;281;225;5;56;80.07
0.01;17;281;238;2;43;84.70
0.01;18;281;232;6;49;82.56
0.01;19;281;212;5;69;75.44
0.01;20;281;223;6;58;79.36
0.01;21;281;229;3;52;81.49
0.01;22;281;231;5;50;82.21
0.01;23;281;220;2;61;78.29
0.01;24;281;241;5;40;85.77
0.01;25;281;228;1;53;81.14
0.01;26;281;229;7;52;81.49
0.01;27;281;224;3;57;79.72
0.01;28;281;218;2;63;77.58
0.01;29;281;225;3;56;80.07
0.01;30;281;222;3;59;79.00
0.01;31;281;220;4;61;78.29
0.01;32;281;214;5;67;76.16
0.01;33;281;220;5;61;78.29
0.01;34;281;228;3;53;81.14
0.01;35;281;217;3;64;77.22
0.01;36;281;221;5;60;78.65
0.01;37;281;213;8;68;75.80
0.01;38;281;231;2;50;82.21
0.01;39;281;235;6;46;83.63
0.01;40;281;226;8;55;80.43
0.01;41;281;218;4;63;77.58
0.01;42;281;221;4;60;78.65
0.01;43;281;231;1;50;82.21
0.01;44;281;229;5;52;81.49
0.01;45;281;228;3;53;81.14
0.01;46;281;234;1;47;83.27
0.01;47;281;232;4;49;82.56
0.01;48;281;237;5;44;84.34
0.01;49;281;224;10;57;79.72
0.01;50;281;216;1;65;76.87
0.01;51;281;234;4;47;83.27
0.01;52;281;225;2;56;80.07
0.01;53;281;219;4;62;77.94
0.01;54;281;219;4;62;77.94
0.01;55;281;223;1;58;79.36
0.01;56;281;220;2;61;78.29
0.01;57;281;231;5;50;82.21
0.01;58;281;224;3;57;79.72
0.01;59;281;214;2;67;76.16
0.01;60;281;226;2;55;80.43
0.01;61;281;231;2;50;82.21
0.01;62;281;225;2;56;80.07
0.01;63;281;223;4;58;79.36
0.01;64;281;232;2;49;82.56
0.01;65;281;227;2;54;80.78
0.01;66;281;226;5;55;80.43
0.01;67;281;228;9;53;81.14
0.01;68;281;213;6;68;75.80
0.01;69;281;233;0;48;82.92
0.01;70;281;217;3;64;77.22
0.01;71;281;230;9;51;81.85
0.01;72;281;236;1;45;83.99
0.01;73;281;221;2;60;78.65
0.01;74;281;221;3;60;78.65
0.01;75;281;218;5;63;77.58
0.01;76;281;230;4;51;81.85
0.01;77;281;217;4;64;77.22
0.01;78;281;213;6;68;75.80
0.01;79;281;223;5;58;79.36
0.01;80;281;223;4;58;79.36
0.01;81;281;226;2;55;80.43
0.01;82;281;230;4;51;81.85
0.01;83;281;226;2;55;80.43
0.01;84;281;223;1;58;79.36
0.01;85;281;228;4;53;81.14
0.01;86;281;226;4;55;80.43
0.01;87;281;223;8;58;79.36
0.01;88;281;224;9;57;79.72
0.01;89;281;220;7;61;78.29
0.01;90;281;223;4;58;79.36
0.01;91;281;229;6;52;81.49
0.01;92;281;229;4;52;81.49
0.01;93;281;236;2;45;83.99
0.01;94;281;230;3;51;81.85
0.01;95;281;230;2;51;81.85
0.01;96;281;236;3;45;83.99
0.01;97;281;219;5;62;77.94
0.01;98;281;221;2;60;78.65
0.01;99;281;226;3;55;80.43
0.01;100;281;225;5;56;80.07
0.02;1;562;451;8;111;80.25
0.02;2;562;451;6;111;80.25
0.02;3;562;478;11;84;85.05
0.02;4;562;439;8;123;78.11
0.02;5;562;460;3;102;81.85
0.02;6;562;448;9;114;79.72
0.02;7;562;455;10;107;80.96
0.02;8;562;449;6;113;79.89
0.02;9;562;452;9;110;80.43
0.02;10;562;446;13;116;79.36
0.02;11;562;450;6;112;80.07
0.02;12;562;445;14;117;79.18
0.02;13;562;471;17;91;83.81
0.02;14;562;432;4;130;76.87
0.02;15;562;433;5;129;77.05
0.02;16;562;449;9;113;79.89
0.02;17;562;453;10;109;80.60
0.02;18;562;460;11;102;81.85
0.02;19;562;447;8;115;79.54
0.02;20;562;443;8;119;78.83
0.02;21;562;447;5;115;79.54
0.02;22;562;447;8;115;79.54
0.02;23;562;448;8;114;79.72
0.02;24;562;443;2;119;78.83
0.02;25;562;470;3;92;83.63
0.02;26;562;449;7;113;79.89
0.02;27;562;453;0;109;80.60
0.02;28;562;438;6;124;77.94
0.02;29;562;458;9;104;81.49
0.02;30;562;437;11;125;77.76
0.02;31;562;447;3;115;79.54
0.02;32;562;457;6;105;81.32
0.02;33;562;454;7;108;80.78
0.02;34;562;453;11;109;80.60
0.02;35;562;453;13;109;80.60
0.02;36;562;467;7;95;83.10
0.02;37;562;463;10;99;82.38
0.02;38;562;453;10;109;80.60
0.02;39;562;443;5;119;78.83
0.02;40;562;446;11;116;79.36
0.02;41;562;459;7;103;81.67
0.02;42;562;462;5;100;82.21
0.02;43;562;451;13;111;80.25
0.02;44;562;442;6;120;78.65
0.02;45;562;436;9;126;77.58
0.02;46;562;457;9;105;81.32
0.02;47;562;455;10;107;80.96
0.02;48;562;457;11;105;81.32
0.02;49;562;464;9;98;82.56
0.02;50;562;449;6;113;79.89
0.02;51;562;454;8;108;80.78
0.02;52;562;451;10;111;80.25
0.02;53;562;435;7;127;77.40
0.02;54;562;457;10;105;81.32
0.02;55;562;452;6;110;80.43
0.02;56;562;460;7;102;81.85
0.02;57;562;464;5;98;82.56
0.02;58;562;454;7;108;80.78
0.02;59;562;453;8;109;80.60
0.02;60;562;451;10;111;80.25
0.02;61;562;456;8;106;81.14
0.02;62;562;451;6;111;80.25
0.02;63;562;462;6;100;82.21
0.02;64;562;452;7;110;80.43
0.02;65;562;464;10;98;82.56
0.02;66;562;461;8;101;82.03
0.02;67;562;435;4;127;77.40
0.02;68;562;449;6;113;79.89
0.02;69;562;456;7;106;81.14
0.02;70;562;441;11;121;78.47
0.02;71;562;479;9;83;85.23
0.02;72;562;454;7;108;80.78
0.02;73;562;444;10;118;79.00
0.02;74;562;462;9;100;82.21
0.02;75;562;456;14;106;81.14
0.02;76;562;453;8;109;80.60
0.02;77;562;463;8;99;82.38
0.02;78;562;450;5;112;80.07
0.02;79;562;463;13;99;82.38
0.02;80;562;444;8;118;79.00
0.02;81;562;456;10;106;81.14
0.02;82;562;458;7;104;81.49
0.02;83;562;435;5;127;77.40
0.02;84;562;448;5;114;79.72
0.02;85;562;454;8;108;80.78
0.02;86;562;445;7;117;79.18
0.02;87;562;457;10;105;81.32
0.02;88;562;437;11;125;77.76
0.02;89;562;444;2;118;79.00
0.02;90;562;461;12;101;82.03
0.02;91;562;438;11;124;77.94
0.02;92;562;434;2;128;77.22
0.02;93;562;435;5;127;77.40
0.02;94;562;461;11;101;82.03
0.02;95;562;464;6;98;82.56
0.02;96;562;441;8;121;78.47
0.02;97;562;438;4;124;77.94
0.02;98;562;468;8;94;83.27
0.02;99;562;483;6;79;85.94
0.02;100;562;456;15;106;81.14
0.03;1;843;676;7;167;80.19
0.03;2;843;691;13;152;81.97
0.03;3;843;685;6;158;81.26
0.03;4;843;687;12;156;81.49
0.03;5;843;676;18;167;80.19
0.03;6;843;689;9;154;81.73
0.03;7;843;662;10;181;78.53
0.03;8;843;685;12;158;81.26
0.03;9;843;673;17;170;79.83
0.03;10;843;662;17;181;78.53
0.03;11;843;692;14;151;82.09
0.03;12;843;686;8;157;81.38
0.03;13;843;667;7;176;79.12
0.03;14;843;688;12;155;81.61
0.03;15;843;672;4;171;79.72
0.03;16;843;675;14;168;80.07
0.03;17;843;679;18;164;80.55
0.03;18;843;689;17;154;81.73
0.03;19;843;683;17;160;81.02
0.03;20;843;681;18;162;80.78
0.03;21;843;662;14;181;78.53
0.03;22;843;677;12;166;80.31
0.03;23;843;658;12;185;78.05
0.03;24;843;698;13;145;82.80
0.03;25;843;686;15;157;81.38
0.03;26;843;679;8;164;80.55
0.03;27;843;676;9;167;80.19
0.03;28;843;687;17;156;81.49
0.03;29;843;675;11;168;80.07
0.03;30;843;682;14;161;80.90
0.03;31;843;683;10;160;81.02
0.03;32;843;691;16;152;81.97
0.03;33;843;693;16;150;82.21
0.03;34;843;696;15;147;82.56
0.03;35;843;680;9;163;80.66
0.03;36;843;663;11;180;78.65
0.03;37;843;695;15;148;82.44
0.03;38;843;663;16;180;78.65
0.03;39;843;685;11;158;81.26
0.03;40;843;679;10;164;80.55
0.03;41;843;675;8;168;80.07
0.03;42;843;653;18;190;77.46
0.03;43;843;688;14;155;81.61
0.03;44;843;681;15;162;80.78
0.03;45;843;670;11;173;79.48
0.03;46;843;673;14;170;79.83
0.03;47;843;671;7;172;79.60
0.03;48;843;668;14;175;79.24
0.03;49;843;675;12;168;80.07
0.03;50;843;675;10;168;80.07
0.03;51;843;686;15;157;81.38
0.03;52;843;676;16;167;80.19
0.03;53;843;674;10;169;79.95
0.03;54;843;673;11;170;79.83
0.03;55;843;673;11;170;79.83
0.03;56;843;682;8;161;80.90
0.03;57;843;687;15;156;81.49
0.03;58;843;663;7;180;78.65
0.03;59;843;682;8;161;80.90
0.03;60;843;670;15;173;79.48
0.03;61;843;682;13;161;80.90
0.03;62;843;663;10;180;78.65
0.03;63;843;688;10;155;81.61
0.03;64;843;675;15;168;80.07
0.03;65;843;678;8;165;80.43
0.03;66;843;672;12;171;79.72
0.03;67;843;662;6;181;78.53
0.03;68;843;681;10;162;80.78
0.03;69;843;684;10;159;81.14
0.03;70;843;674;14;169;79.95
0.03;71;843;674;11;169;79.95
0.03;72;843;693;9;150;82.21
0.03;73;843;663;15;180;78.65
0.03;74;843;674;9;169;79.95
0.03;75;843;673;16;170;79.83
0.03;76;843;660;10;183;78.29
0.03;77;843;710;10;133;84.22
0.03;78;843;678;13;165;80.43
0.03;79;843;678;14;165;80.43
0.03;80;843;680;19;163;80.66
0.03;81;843;683;14;160;81.02
0.03;82;843;682;8;161;80.90
0.03;83;843;674;7;169;79.95
0.03;84;843;675;13;168;80.07
0.03;85;843;657;22;186;77.94
0.03;86;843;683;13;160;81.02
0.03;87;843;685;9;158;81.26
0.03;88;843;680;14;163;80.66
0.03;89;843;697;7;146;82.68
0.03;90;843;669;11;174;79.36
0.03;91;843;675;12;168;80.07
0.03;92;843;691;9;152;81.97
0.03;93;843;681;12;162;80.78
0.03;94;843;680;13;163;80.66
0.03;95;843;665;13;178;78.88
0.03;96;843;673;11;170;79.83
0.03;97;843;691;9;152;81.97
0.03;98;843;665;12;178;78.88
0.03;99;843;686;13;157;81.38
0.03;100;843;680;8;163;80.66
0.04;1;1123;885;12;238;78.81
0.04;2;1123;908;20;215;80.85
0.04;3;1123;899;10;224;80.05
0.04;4;1123;902;17;221;80.32
0.04;5;1123;906;23;217;80.68
0.04;6;1123;916;16;207;81.57
0.04;7;1123;903;14;220;80.41
0.04;8;1123;934;15;189;83.17
0.04;9;1123;895;8;228;79.70
0.04;10;1123;892;18;231;79.43
0.04;11;1123;901;18;222;80.23
0.04;12;1123;911;22;212;81.12
0.04;13;1123;906;15;217;80.68
0.04;14;1123;871;17;252;77.56
0.04;15;1123;899;10;224;80.05
0.04;16;1123;904;23;219;80.50
0.04;17;1123;925;20;198;82.37
0.04;18;1123;887;19;236;78.98
0.04;19;1123;902;14;221;80.32
0.04;20;1123;914;23;209;81.39
0.04;21;1123;901;11;222;80.23
0.04;22;1123;930;16;193;82.81
0.04;23;1123;902;11;221;80.32
0.04;24;1123;905;23;218;80.59
0.04;25;1123;901;17;222;80.23
0.04;26;1123;911;17;212;81.12
0.04;27;1123;897;16;226;79.88
0.04;28;1123;910;14;213;81.03
0.04;29;1123;907;15;216;80.77
0.04;30;1123;906;13;217;80.68
0.04;31;1123;894;7;229;79.61
0.04;32;1123;898;16;225;79.96
0.04;33;1123;889;17;234;79.16
0.04;34;1123;895;14;228;79.70
0.04;35;1123;904;16;219;80.50
0.04;36;1123;915;12;208;81.48
0.04;37;1123;900;18;223;80.14
0.04;38;1123;892;15;231;79.43
0.04;39;1123;894;13;229;79.61
0.04;40;1123;910;16;213;81.03
0.04;41;1123;928;17;195;82.64
0.04;42;1123;902;18;221;80.32
0.04;43;1123;890;11;233;79.25
0.04;44;1123;927;13;196;82.55
0.04;45;1123;905;26;218;80.59
0.04;46;1123;916;14;207;81.57
0.04;47;1123;895;20;228;79.70
0.04;48;1123;899;18;224;80.05
0.04;49;1123;911;17;212;81.12
0.04;50;1123;875;18;248;77.92
0.04;51;1123;910;20;213;81.03
0.04;52;1123;893;20;230;79.52
0.04;53;1123;910;15;213;81.03
0.04;54;1123;905;18;218;80.59
0.04;55;1123;920;11;203;81.92
0.04;56;1123;888;15;235;79.07
0.04;57;1123;904;7;219;80.50
0.04;58;1123;894;19;229;79.61
0.04;59;1123;883;13;240;78.63
0.04;60;1123;906;18;217;80.68
0.04;61;1123;898;17;225;79.96
0.04;62;1123;904;15;219;80.50
0.04;63;1123;910;18;213;81.03
0.04;64;1123;907;13;216;80.77
0.04;65;1123;897;19;226;79.88
0.04;66;1123;898;18;225;79.96
0.04;67;1123;906;12;217;80.68
0.04;68;1123;893;18;230;79.52
0.04;69;1123;904;21;219;80.50
0.04;70;1123;910;16;213;81.03
0.04;71;1123;905;13;218;80.59
0.04;72;1123;899;13;224;80.05
0.04;73;1123;891;20;232;79.34
0.04;74;1123;893;15;230;79.52
0.04;75;1123;893;13;230;79.52
0.04;76;1123;908;11;215;80.85
0.04;77;1123;883;17;240;78.63
0.04;78;1123;888;15;235;79.07
0.04;79;1123;888;12;235;79.07
0.04;80;1123;902;14;221;80.32
0.04;81;1123;888;12;235;79.07
0.04;82;1123;891;13;232;79.34
0.04;83;1123;889;17;234;79.16
0.04;84;1123;900;10;223;80.14
0.04;85;1123;903;17;220;80.41
0.04;86;1123;905;16;218;80.59
0.04;87;1123;913;20;210;81.30
0.04;88;1123;900;19;223;80.14
0.04;89;1123;907;23;216;80.77
0.04;90;1123;906;24;217;80.68
0.04;91;1123;872;13;251;77.65
0.04;92;1123;877;14;246;78.09
0.04;93;1123;924;7;199;82.28
0.04;94;1123;876;18;247;78.01
0.04;95;1123;903;24;220;80.41
0.04;96;1123;908;13;215;80.85
0.04;97;1123;904;20;219;80.50
0.04;98;1123;904;21;219;80.50
0.04;99;1123;925;23;198;82.37
0.04;100;1123;897;12;226;79.88
0.05;1;1404;1134;17;270;80.77
0.05;2;1404;1098;18;306;78.21
0.05;3;1404;1115;17;289;79.42
0.05;4;1404;1143;20;261;81.41
0.05;5;1404;1124;14;280;80.06
0.05;6;1404;1140;24;264;81.20
0.05;7;1404;1139;17;265;81.13
0.05;8;1404;1117;23;287;79.56
0.05;9;1404;1130;20;274;80.48
0.05;10;1404;1109;11;295;78.99
0.05;11;1404;1149;15;255;81.84
0.05;12;1404;1112;26;292;79.20
0.05;13;1404;1117;21;287;79.56
0.05;14;1404;1154;19;250;82.19
0.05;15;1404;1147;17;257;81.70
0.05;16;1404;1133;21;271;80.70
0.05;17;1404;1135;22;269;80.84
0.05;18;1404;1144;16;260;81.48
0.05;19;1404;1149;20;255;81.84
0.05;20;1404;1151;14;253;81.98
0.05;21;1404;1129;16;275;80.41
0.05;22;1404;1131;24;273;80.56
0.05;23;1404;1109;14;295;78.99
0.05;24;1404;1117;15;287;79.56
0.05;25;1404;1131;21;273;80.56
0.05;26;1404;1148;21;256;81.77
0.05;27;1404;1127;16;277;80.27
0.05;28;1404;1137;22;267;80.98
0.05;29;1404;1134;16;270;80.77
0.05;30;1404;1159;20;245;82.55
0.05;31;1404;1121;20;283;79.84
0.05;32;1404;1126;17;278;80.20
0.05;33;1404;1150;14;254;81.91
0.05;34;1404;1115;22;289;79.42
0.05;35;1404;1108;12;296;78.92
0.05;36;1404;1113;28;291;79.27
0.05;37;1404;1120;18;284;79.77
0.05;38;1404;1122;19;282;79.91
0.05;39;1404;1117;22;287;79.56
0.05;40;1404;1127;20;277;80.27
0.05;41;1404;1109;25;295;78.99
0.05;42;1404;1129;22;275;80.41
0.05;43;1404;1134;15;270;80.77
0.05;44;1404;1115;19;289;79.42
0.05;45;1404;1134;18;270;80.77
0.05;46;1404;1128;16;276;80.34
0.05;47;1404;1127;17;277;80.27
0.05;48;1404;1124;21;280;80.06
0.05;49;1404;1104;22;300;78.63
0.05;50;1404;1142;20;262;81.34
0.05;51;1404;1107;20;297;78.85
0.05;52;1404;1124;21;280;80.06
0.05;53;1404;1102;22;302;78.49
0.05;54;1404;1123;21;281;79.99
0.05;55;1404;1122;18;282;79.91
0.05;56;1404;1121;16;283;79.84
0.05;57;1404;1123;16;281;79.99
0.05;58;1404;1115;17;289;79.42
0.05;59;1404;1140;18;264;81.20
0.05;60;1404;1134;26;270;80.77
0.05;61;1404;1134;13;270;80.77
0.05;62;1404;1116;20;288;79.49
0.05;63;1404;1145;16;259;81.55
0.05;64;1404;1125;23;279;80.13
0.05;65;1404;1123;17;281;79.99
0.05;66;1404;1125;23;279;80.13
0.05;67;1404;1103;18;301;78.56
0.05;68;1404;1146;25;258;81.62
0.05;69;1404;1140;25;264;81.20
0.05;70;1404;1128;28;276;80.34
0.05;71;1404;1106;14;298;78.77
0.05;72;1404;1135;19;269;80.84
0.05;73;1404;1148;18;256;81.77
0.05;74;1404;1113;27;291;79.27
0.05;75;1404;1139;27;265;81.13
0.05;76;1404;1139;30;265;81.13
0.05;77;1404;1147;22;257;81.70
0.05;78;1404;1110;14;294;79.06
0.05;79;1404;1118;16;286;79.63
0.05;80;1404;1144;28;260;81.48
0.05;81;1404;1122;20;282;79.91
0.05;82;1404;1111;14;293;79.13
0.05;83;1404;1136;18;268;80.91
0.05;84;1404;1138;30;266;81.05
0.05;85;1404;1112;16;292;79.20
0.05;86;1404;1123;15;281;79.99
0.05;87;1404;1134;23;270;80.77
0.05;88;1404;1129;14;275;80.41
0.05;89;1404;1154;21;250;82.19
0.05;90;1404;1123;15;281;79.99
0.05;91;1404;1115;19;289;79.42
0.05;92;1404;1126;26;278;80.20
0.05;93;1404;1110;22;294;79.06
0.05;94;1404;1134;14;270;80.77
0.05;95;1404;1143;25;261;81.41
0.05;96;1404;1125;15;279;80.13
0.05;97;1404;1155;14;249;82.26
0.05;98;1404;1119;17;285;79.70
0.05;99;1404;1127;16;277;80.27
0.05;100;1404;1150;19;254;81.91
0.06;1;1685;1338;26;347;79.41
0.06;2;1685;1350;18;335;80.12
0.06;3;1685;1348;22;337;80.00
0.06;4;1685;1350;17;335;80.12
0.06;5;1685;1345;20;340;79.82
0.06;6;1685;1354;25;331;80.36
0.06;7;1685;1374;32;311;81.54
0.06;8;1685;1359;26;326;80.65
0.06;9;1685;1343;29;342;79.70
0.06;10;1685;1359;23;326;80.65
0.06;11;1685;1358;21;327;80.59
0.06;12;1685;1372;21;313;81.42
0.06;13;1685;1366;20;319;81.07
0.06;14;1685;1368;25;317;81.19
0.06;15;1685;1368;22;317;81.19
0.06;16;1685;1380;22;305;81.90
0.06;17;1685;1393;17;292;82.67
0.06;18;1685;1327;20;358;78.75
0.06;19;1685;1348;20;337;80.00
0.06;20;1685;1373;22;312;81.48
0.06;21;1685;1337;22;348;79.35
0.06;22;1685;1355;17;330;80.42
0.06;23;1685;1351;18;334;80.18
0.06;24;1685;1346;22;339;79.88
0.06;25;1685;1381;27;304;81.96
0.06;26;1685;1363;18;322;80.89
0.06;27;1685;1366;30;319;81.07
0.06;28;1685;1327;26;358;78.75
0.06;29;1685;1376;34;309;81.66
0.06;30;1685;1370;23;315;81.31
0.06;31;1685;1328;15;357;78.81
0.06;32;1685;1374;19;311;81.54
0.06;33;1685;1341;24;344;79.58
0.06;34;1685;1347;25;338;79.94
0.06;35;1685;1349;22;336;80.06
0.06;36;1685;1341;17;344;79.58
0.06;37;1685;1343;23;342;79.70
0.06;38;1685;1341;21;344;79.58
0.06;39;1685;1347;30;338;79.94
0.06;40;1685;1348;25;337;80.00
0.06;41;1685;1385;13;300;82.20
0.06;42;1685;1328;20;357;78.81
0.06;43;1685;1373;24;312;81.48
0.06;44;1685;1342;32;343;79.64
0.06;45;1685;1334;29;351;79.17
0.06;46;1685;1367;22;318;81.13
0.06;47;1685;1361;28;324;80.77
0.06;48;1685;1334;30;351;79.17
0.06;49;1685;1357;29;328;80.53
0.06;50;1685;1366;28;319;81.07
0.06;51;1685;1334;32;351;79.17
0.06;52;1685;1336;29;349;79.29
0.06;53;1685;1367;23;318;81.13
0.06;54;1685;1352;18;333;80.24
0.06;55;1685;1359;24;326;80.65
0.06;56;1685;1358;18;327;80.59
0.06;57;1685;1359;14;326;80.65
0.06;58;1685;1355;32;330;80.42
0.06;59;1685;1380;34;305;81.90
0.06;60;1685;1317;21;368;78.16
0.06;61;1685;1348;21;337;80.00
0.06;62;1685;1369;25;316;81.25
0.06;63;1685;1342;19;343;79.64
0.06;64;1685;1379;30;306;81.84
0.06;65;1685;1332;25;353;79.05
0.06;66;1685;1334;22;351;79.17
0.06;67;1685;1374;27;311;81.54
0.06;68;1685;1364;31;321;80.95
0.06;69;1685;1352;21;333;80.24
0.06;70;1685;1352;22;333;80.24
0.06;71;1685;1347;21;338;79.94
0.06;72;1685;1321;26;364;78.40
0.06;73;1685;1371;23;314;81.36
0.06;74;1685;1330;34;355;78.93
0.06;75;1685;1357;18;328;80.53
0.06;76;1685;1388;18;297;82.37
0.06;77;1685;1373;22;312;81.48
0.06;78;1685;1356;27;329;80.47
0.06;79;1685;1347;26;338;79.94
0.06;80;1685;1346;24;339;79.88
0.06;81;1685;1360;24;325;80.71
0.06;82;1685;1337;22;348;79.35
0.06;83;1685;1337;28;348;79.35
0.06;84;1685;1362;21;323;80.83
0.06;85;1685;1333;29;352;79.11
0.06;86;1685;1400;30;285;83.09
0.06;87;1685;1330;20;355;78.93
0.06;88;1685;1343;21;342;79.70
0.06;89;1685;1338;18;347;79.41
0.06;90;1685;1384;27;301;82.14
0.06;91;1685;1357;22;328;80.53
0.06;92;1685;1334;28;351;79.17
0.06;93;1685;1358;23;327;80.59
0.06;94;1685;1376;30;309;81.66
0.06;95;1685;1384;24;301;82.14
0.06;96;1685;1364;24;321;80.95
0.06;97;1685;1373;29;312;81.48
0.06;98;1685;1368;26;317;81.19
0.06;99;1685;1378;32;307;81.78
0.06;100;1685;1368;16;317;81.19
0.07;1;1965;1562;25;403;79.49
0.07;2;1965;1589;38;376;80.87
0.07;3;1965;1579;25;386;80.36
0.07;4;1965;1597;30;368;81.27
0.07;5;1965;1608;25;357;81.83
0.07;6;1965;1599;26;366;81.37
0.07;7;1965;1563;23;402;79.54
0.07;8;1965;1578;35;387;80.31
0.07;9;1965;1551;27;414;78.93
0.07;10;1965;1604;23;361;81.63
0.07;11;1965;1602;26;363;81.53
0.07;12;1965;1585;35;380;80.66
0.07;13;1965;1567;34;398;79.75
0.07;14;1965;1571;32;394;79.95
0.07;15;1965;1570;21;395;79.90
0.07;16;1965;1586;20;379;80.71
0.07;17;1965;1573;24;392;80.05
0.07;18;1965;1595;27;370;81.17
0.07;19;1965;1584;21;381;80.61
0.07;20;1965;1591;29;374;80.97
0.07;21;1965;1598;22;367;81.32
0.07;22;1965;1604;46;361;81.63
0.07;23;1965;1607;22;358;81.78
0.07;24;1965;1556;28;409;79.19
0.07;25;1965;1603;27;362;81.58
0.07;26;1965;1597;24;368;81.27
0.07;27;1965;1555;29;410;79.13
0.07;28;1965;1590;27;375;80.92
0.07;29;1965;1583;30;382;80.56
0.07;30;1965;1577;25;388;80.25
0.07;31;1965;1587;20;378;80.76
0.07;32;1965;1590;31;375;80.92
0.07;33;1965;1583;37;382;80.56
0.07;34;1965;1582;25;383;80.51
0.07;35;1965;1564;22;401;79.59
0.07;36;1965;1571;21;394;79.95
0.07;37;1965;1561;30;404;79.44
0.07;38;1965;1587;38;378;80.76
0.07;39;1965;1559;18;406;79.34
0.07;40;1965;1582;26;383;80.51
0.07;41;1965;1598;31;367;81.32
0.07;42;1965;1544;20;421;78.58
0.07;43;1965;1578;49;387;80.31
0.07;44;1965;1577;22;388;80.25
0.07;45;1965;1564;25;401;79.59
0.07;46;1965;1594;31;371;81.12
0.07;47;1965;1601;29;364;81.48
0.07;48;1965;1568;31;397;79.80
0.07;49;1965;1570;30;395;79.90
0.07;50;1965;1543;27;422;78.52
0.07;51;1965;1577;28;388;80.25
0.07;52;1965;1560;28;405;79.39
0.07;53;1965;1593;32;372;81.07
0.07;54;1965;1580;24;385;80.41
0.07;55;1965;1570;29;395;79.90
0.07;56;1965;1557;21;408;79.24
0.07;57;1965;1567;29;398;79.75
0.07;58;1965;1570;16;395;79.90
0.07;59;1965;1575;25;390;80.15
0.07;60;1965;1542;32;423;78.47
0.07;61;1965;1591;31;374;80.97
0.07;62;1965;1594;27;371;81.12
0.07;63;1965;1586;17;379;80.71
0.07;64;1965;1591;34;374;80.97
0.07;65;1965;1579;29;386;80.36
0.07;66;1965;1561;34;404;79.44
0.07;67;1965;1546;28;419;78.68
0.07;68;1965;1571;29;394;79.95
0.07;69;1965;1571;33;394;79.95
0.07;70;1965;1532;26;433;77.96
0.07;71;1965;1556;23;409;79.19
0.07;72;1965;1572;28;393;80.00
0.07;73;1965;1593;27;372;81.07
0.07;74;1965;1600;29;365;81.42
0.07;75;1965;1556;35;409;79.19
0.07;76;1965;1575;30;390;80.15
0.07;77;1965;1592;32;373;81.02
0.07;78;1965;1584;22;381;80.61
0.07;79;1965;1598;34;367;81.32
0.07;80;1965;1581;24;384;80.46
0.07;81;1965;1607;25;358;81.78
0.07;82;1965;1578;31;387;80.31
0.07;83;1965;1568;37;397;79.80
0.07;84;1965;1559;15;406;79.34
0.07;85;1965;1591;31;374;80.97
0.07;86;1965;1583;28;382;80.56
0.07;87;1965;1580;26;385;80.41
0.07;88;1965;1547;31;418;78.73
0.07;89;1965;1595;25;370;81.17
0.07;90;1965;1571;26;394;79.95
0.07;91;1965;1597;35;368;81.27
0.07;92;1965;1545;26;420;78.63
0.07;93;1965;1562;31;403;79.49
0.07;94;1965;1587;28;378;80.76
0.07;95;1965;1573;27;392;80.05
0.07;96;1965;1562;20;403;79.49
0.07;97;1965;1578;27;387;80.31
0.07;98;1965;1613;21;352;82.09
0.07;99;1965;1591;21;374;80.97
0.07;100;1965;1584;31;381;80.61
0.08;1;2246;1846;37;400;82.19
0.08;2;2246;1806;29;440;80.41
0.08;3;2246;1800;30;446;80.14
0.08;4;2246;1791;39;455;79.74
0.08;5;2246;1786;35;460;79.52
0.08;6;2246;1772;27;474;78.90
0.08;7;2246;1796;31;450;79.96
0.08;8;2246;1803;36;443;80.28
0.08;9;2246;1811;38;435;80.63
0.08;10;2246;1824;34;422;81.21
0.08;11;2246;1793;30;453;79.83
0.08;12;2246;1805;23;441;80.37
0.08;13;2246;1765;27;481;78.58
0.08;14;2246;1823;37;423;81.17
0.08;15;2246;1782;34;464;79.34
0.08;16;2246;1814;33;432;80.77
0.08;17;2246;1797;20;449;80.01
0.08;18;2246;1773;34;473;78.94
0.08;19;2246;1789;26;457;79.65
0.08;20;2246;1760;34;486;78.36
0.08;21;2246;1813;29;433;80.72
0.08;22;2246;1839;31;407;81.88
0.08;23;2246;1816;36;430;80.85
0.08;24;2246;1798;33;448;80.05
0.08;25;2246;1803;26;443;80.28
0.08;26;2246;1798;25;448;80.05
0.08;27;2246;1766;26;480;78.63
0.08;28;2246;1797;25;449;80.01
0.08;29;2246;1792;32;454;79.79
0.08;30;2246;1822;34;424;81.12
0.08;31;2246;1793;35;453;79.83
0.08;32;2246;1769;42;477;78.76
0.08;33;2246;1802;33;444;80.23
0.08;34;2246;1817;28;429;80.90
0.08;35;2246;1802;22;444;80.23
0.08;36;2246;1801;28;445;80.19
0.08;37;2246;1752;30;494;78.01
0.08;38;2246;1855;39;391;82.59
0.08;39;2246;1793;31;453;79.83
0.08;40;2246;1823;30;423;81.17
0.08;41;2246;1775;36;471;79.03
0.08;42;2246;1773;27;473;78.94
0.08;43;2246;1782;27;464;79.34
0.08;44;2246;1798;47;448;80.05
0.08;45;2246;1791;41;455;79.74
0.08;46;2246;1811;31;435;80.63
0.08;47;2246;1792;32;454;79.79
0.08;48;2246;1812;24;434;80.68
0.08;49;2246;1809;30;437;80.54
0.08;50;2246;1799;34;447;80.10
0.08;51;2246;1824;38;422;81.21
0.08;52;2246;1807;33;439;80.45
0.08;53;2246;1779;30;467;79.21
0.08;54;2246;1791;33;455;79.74
0.08;55;2246;1786;33;460;79.52
0.08;56;2246;1811;30;435;80.63
0.08;57;2246;1787;35;459;79.56
0.08;58;2246;1782;27;464;79.34
0.08;59;2246;1809;31;437;80.54
0.08;60;2246;1800;31;446;80.14
0.08;61;2246;1819;41;427;80.99
0.08;62;2246;1801;29;445;80.19
0.08;63;2246;1785;35;461;79.47
0.08;64;2246;1778;30;468;79.16
0.08;65;2246;1829;26;417;81.43
0.08;66;2246;1800;37;446;80.14
0.08;67;2246;1802;29;444;80.23
0.08;68;2246;1814;32;432;80.77
0.08;69;2246;1818;28;428;80.94
0.08;70;2246;1783;27;463;79.39
0.08;71;2246;1788;30;458;79.61
0.08;72;2246;1811;30;435;80.63
0.08;73;2246;1807;27;439;80.45
0.08;74;2246;1821;36;425;81.08
0.08;75;2246;1802;30;444;80.23
0.08;76;2246;1813;43;433;80.72
0.08;77;2246;1775;25;471;79.03
0.08;78;2246;1787;28;459;79.56
0.08;79;2246;1801;31;445;80.19
0.08;80;2246;1793;34;453;79.83
0.08;81;2246;1819;33;427;80.99
0.08;82;2246;1825;28;421;81.26
0.08;83;2246;1789;31;457;79.65
0.08;84;2246;1820;28;426;81.03
0.08;85;2246;1819;32;427;80.99
0.08;86;2246;1779;30;467;79.21
0.08;87;2246;1785;35;461;79.47
0.08;88;2246;1793;29;453;79.83
0.08;89;2246;1794;36;452;79.88
0.08;90;2246;1797;22;449;80.01
0.08;91;2246;1796;28;450;79.96
0.08;92;2246;1811;27;435;80.63
0.08;93;2246;1796;37;450;79.96
0.08;94;2246;1797;28;449;80.01
0.08;95;2246;1827;26;419;81.34
0.08;96;2246;1790;40;456;79.70
0.08;97;2246;1803;31;443;80.28
0.08;98;2246;1825;36;421;81.26
0.08;99;2246;1799;29;447;80.10
0.08;100;2246;1817;33;429;80.90
0.09;1;2527;1996;32;531;78.99
0.09;2;2527;2029;39;498;80.29
0.09;3;2527;2042;25;485;80.81
0.09;4;2527;2021;34;506;79.98
0.09;5;2527;2010;42;517;79.54
0.09;6;2527;2018;32;509;79.86
0.09;7;2527;2028;41;499;80.25
0.09;8;2527;2041;43;486;80.77
0.09;9;2527;2007;45;520;79.42
0.09;10;2527;2069;43;458;81.88
0.09;11;2527;1998;32;529;79.07
0.09;12;2527;2043;34;484;80.85
0.09;13;2527;2010;30;517;79.54
0.09;14;2527;2025;40;502;80.13
0.09;15;2527;2005;35;522;79.34
0.09;16;2527;2002;25;525;79.22
0.09;17;2527;2012;31;515;79.62
0.09;18;2527;2033;39;494;80.45
0.09;19;2527;2006;38;521;79.38
0.09;20;2527;2017;27;510;79.82
0.09;21;2527;2007;30;520;79.42
0.09;22;2527;2023;33;504;80.06
0.09;23;2527;2014;34;513;79.70
0.09;24;2527;2035;31;492;80.53
0.09;25;2527;2035;40;492;80.53
0.09;26;2527;2041;40;486;80.77
0.09;27;2527;2020;28;507;79.94
0.09;28;2527;2049;46;478;81.08
0.09;29;2527;2018;34;509;79.86
0.09;30;2527;2019;34;508;79.90
0.09;31;2527;2010;35;517;79.54
0.09;32;2527;2041;35;486;80.77
0.09;33;2527;2031;29;496;80.37
0.09;34;2527;2027;29;500;80.21
0.09;35;2527;2041;29;486;80.77
0.09;36;2527;2032;27;495;80.41
0.09;37;2527;2047;35;480;81.01
0.09;38;2527;1999;32;528;79.11
0.09;39;2527;2032;33;495;80.41
0.09;40;2527;2041;34;486;80.77
0.09;41;2527;2064;35;463;81.68
0.09;42;2527;2053;29;474;81.24
0.09;43;2527;2019;28;508;79.90
0.09;44;2527;2022;31;505;80.02
0.09;45;2527;2032;35;495;80.41
0.09;46;2527;2020;35;507;79.94
0.09;47;2527;2051;42;476;81.16
0.09;48;2527;1996;47;531;78.99
0.09;49;2527;2023;30;504;80.06
0.09;50;2527;2029;32;498;80.29
0.09;51;2527;2017;27;510;79.82
0.09;52;2527;2017;44;510;79.82
0.09;53;2527;2042;35;485;80.81
0.09;54;2527;2048;36;479;81.04
0.09;55;2527;2039;36;488;80.69
0.09;56;2527;2004;37;523;79.30
0.09;57;2527;2036;35;491;80.57
0.09;58;2527;2010;33;517;79.54
0.09;59;2527;2046;38;481;80.97
0.09;60;2527;2020;32;507;79.94
0.09;61;2527;2030;34;497;80.33
0.09;62;2527;2034;38;493;80.49
0.09;63;2527;2027;28;500;80.21
0.09;64;2527;2045;36;482;80.93
0.09;65;2527;2032;33;495;80.41
0.09;66;2527;1994;32;533;78.91
0.09;67;2527;2031;29;496;80.37
0.09;68;2527;2046;44;481;80.97
0.09;69;2527;2038;38;489;80.65
0.09;70;2527;2029;28;498;80.29
0.09;71;2527;2012;36;515;79.62
0.09;72;2527;2013;39;514;79.66
0.09;73;2527;1999;39;528;79.11
0.09;74;2527;2010;33;517;79.54
0.09;75;2527;2017;34;510;79.82
0.09;76;2527;2039;39;488;80.69
0.09;77;2527;2035;32;492;80.53
0.09;78;2527;2008;30;519;79.46
0.09;79;2527;2024;37;503;80.09
0.09;80;2527;2042;33;485;80.81
0.09;81;2527;2025;34;502;80.13
0.09;82;2527;2029;39;498;80.29
0.09;83;2527;2036;34;491;80.57
0.09;84;2527;2002;36;525;79.22
0.09;85;2527;2052;40;475;81.20
0.09;86;2527;2029;34;498;80.29
0.09;87;2527;2041;40;486;80.77
0.09;88;2527;2022;37;505;80.02
0.09;89;2527;2028;34;499;80.25
0.09;90;2527;2004;32;523;79.30
0.09;91;2527;2014;20;513;79.70
0.09;92;2527;2020;39;507;79.94
0.09;93;2527;2024;45;503;80.09
0.09;94;2527;2002;41;525;79.22
0.09;95;2527;1996;45;531;78.99
0.09;96;2527;2011;32;516;79.58
0.09;97;2527;2015;41;512;79.74
0.09;98;2527;2014;41;513;79.70
0.09;99;2527;2029;37;498;80.29
0.09;100;2527;2029;32;498;80.29
0.1;1;2807;2286;33;521;81.44
0.1;2;2807;2258;50;549;80.44
0.1;3;2807;2237;45;570;79.69
0.1;4;2807;2252;44;555;80.23
0.1;5;2807;2243;43;564;79.91
0.1;6;2807;2239;54;568;79.76
0.1;7;2807;2239;55;568;79.76
0.1;8;2807;2301;41;506;81.97
0.1;9;2807;2276;43;531;81.08
0.1;10;2807;2262;35;545;80.58
0.1;11;2807;2235;40;572;79.62
0.1;12;2807;2254;38;553;80.30
0.1;13;2807;2239;35;568;79.76
0.1;14;2807;2272;45;535;80.94
0.1;15;2807;2245;46;562;79.98
0.1;16;2807;2234;37;573;79.59
0.1;17;2807;2241;41;566;79.84
0.1;18;2807;2245;41;562;79.98
0.1;19;2807;2246;31;561;80.01
0.1;20;2807;2262;38;545;80.58
0.1;21;2807;2227;33;580;79.34
0.1;22;2807;2254;41;553;80.30
0.1;23;2807;2263;31;544;80.62
0.1;24;2807;2262;39;545;80.58
0.1;25;2807;2240;39;567;79.80
0.1;26;2807;2271;37;536;80.90
0.1;27;2807;2220;50;587;79.09
0.1;28;2807;2264;52;543;80.66
0.1;29;2807;2232;38;575;79.52
0.1;30;2807;2254;44;553;80.30
0.1;31;2807;2246;38;561;80.01
0.1;32;2807;2271;44;536;80.90
0.1;33;2807;2265;40;542;80.69
0.1;34;2807;2218;45;589;79.02
0.1;35;2807;2272;40;535;80.94
0.1;36;2807;2271;47;536;80.90
0.1;37;2807;2236;37;571;79.66
0.1;38;2807;2235;33;572;79.62
0.1;39;2807;2308;37;499;82.22
0.1;40;2807;2247;52;560;80.05
0.1;41;2807;2240;34;567;79.80
0.1;42;2807;2272;52;535;80.94
0.1;43;2807;2246;47;561;80.01
0.1;44;2807;2221;38;586;79.12
0.1;45;2807;2256;41;551;80.37
0.1;46;2807;2262;39;545;80.58
0.1;47;2807;2256;41;551;80.37
0.1;48;2807;2273;46;534;80.98
0.1;49;2807;2256;49;551;80.37
0.1;50;2807;2250;40;557;80.16
0.1;51;2807;2265;40;542;80.69
0.1;52;2807;2225;44;582;79.27
0.1;53;2807;2282;32;525;81.30
0.1;54;2807;2226;41;581;79.30
0.1;55;2807;2259;43;548;80.48
0.1;56;2807;2279;33;528;81.19
0.1;57;2807;2244;42;563;79.94
0.1;58;2807;2269;39;538;80.83
0.1;59;2807;2287;32;520;81.47
0.1;60;2807;2238;34;569;79.73
0.1;61;2807;2235;54;572;79.62
0.1;62;2807;2256;34;551;80.37
0.1;63;2807;2232;47;575;79.52
0.1;64;2807;2255;31;552;80.33
0.1;65;2807;2227;45;580;79.34
0.1;66;2807;2240;31;567;79.80
0.1;67;2807;2251;44;556;80.19
0.1;68;2807;2277;43;530;81.12
0.1;69;2807;2232;39;575;79.52
0.1;70;2807;2245;39;562;79.98
0.1;71;2807;2256;42;551;80.37
0.1;72;2807;2269;37;538;80.83
0.1;73;2807;2260;35;547;80.51
0.1;74;2807;2238;50;569;79.73
0.1;75;2807;2205;40;602;78.55
0.1;76;2807;2243;41;564;79.91
0.1;77;2807;2281;29;526;81.26
0.1;78;2807;2222;40;585;79.16
0.1;79;2807;2249;40;558;80.12
0.1;80;2807;2206;36;601;78.59
0.1;81;2807;2232;35;575;79.52
0.1;82;2807;2231;46;576;79.48
0.1;83;2807;2271;45;536;80.90
0.1;84;2807;2269;36;538;80.83
0.1;85;2807;2246;48;561;80.01
0.1;86;2807;2243;46;564;79.91
0.1;87;2807;2294;38;513;81.72
0.1;88;2807;2288;46;519;81.51
0.1;89;2807;2282;39;525;81.30
0.1;90;2807;2290;33;517;81.58
0.1;91;2807;2273;53;534;80.98
0.1;92;2807;2257;43;550;80.41
0.1;93;2807;2238;45;569;79.73
0.1;94;2807;2245;42;562;79.98
0.1;95;2807;2283;41;524;81.33
0.1;96;2807;2270;39;537;80.87
0.1;97;2807;2261;45;546;80.55
0.1;98;2807;2246;47;561;80.01
0.1;99;2807;2246;32;561;80.01
0.1;100;2807;2284;34;523;81.37
0.2;1;5614;4495;79;1119;80.07
0.2;2;5614;4499;79;1115;80.14
0.2;3;5614;4474;83;1140;79.69
0.2;4;5614;4524;88;1090;80.58
0.2;5;5614;4514;79;1100;80.41
0.2;6;5614;4519;86;1095;80.50
0.2;7;5614;4491;83;1123;80.00
0.2;8;5614;4534;87;1080;80.76
0.2;9;5614;4459;74;1155;79.43
0.2;10;5614;4523;58;1091;80.57
0.2;11;5614;4494;82;1120;80.05
0.2;12;5614;4512;80;1102;80.37
0.2;13;5614;4485;78;1129;79.89
0.2;14;5614;4522;81;1092;80.55
0.2;15;5614;4470;80;1144;79.62
0.2;16;5614;4512;70;1102;80.37
0.2;17;5614;4504;73;1110;80.23
0.2;18;5614;4478;70;1136;79.76
0.2;19;5614;4505;79;1109;80.25
0.2;20;5614;4432;65;1182;78.95
0.2;21;5614;4533;84;1081;80.74
0.2;22;5614;4482;81;1132;79.84
0.2;23;5614;4481;60;1133;79.82
0.2;24;5614;4534;80;1080;80.76
0.2;25;5614;4557;86;1057;81.17
0.2;26;5614;4464;75;1150;79.52
0.2;27;5614;4488;84;1126;79.94
0.2;28;5614;4496;86;1118;80.09
0.2;29;5614;4524;76;1090;80.58
0.2;30;5614;4518;83;1096;80.48
0.2;31;5614;4570;85;1044;81.40
0.2;32;5614;4483;79;1131;79.85
0.2;33;5614;4509;90;1105;80.32
0.2;34;5614;4533;78;1081;80.74
0.2;35;5614;4499;70;1115;80.14
0.2;36;5614;4498;88;1116;80.12
0.2;37;5614;4529;78;1085;80.67
0.2;38;5614;4471;74;1143;79.64
0.2;39;5614;4522;86;1092;80.55
0.2;40;5614;4520;92;1094;80.51
0.2;41;5614;4485;87;1129;79.89
0.2;42;5614;4492;87;1122;80.01
0.2;43;5614;4506;76;1108;80.26
0.2;44;5614;4545;71;1069;80.96
0.2;45;5614;4497;71;1117;80.10
0.2;46;5614;4508;84;1106;80.30
0.2;47;5614;4525;79;1089;80.60
0.2;48;5614;4497;81;1117;80.10
0.2;49;5614;4471;88;1143;79.64
0.2;50;5614;4520;73;1094;80.51
0.2;51;5614;4506;80;1108;80.26
0.2;52;5614;4472;78;1142;79.66
0.2;53;5614;4473;70;1141;79.68
0.2;54;5614;4533;72;1081;80.74
0.2;55;5614;4496;71;1118;80.09
0.2;56;5614;4548;76;1066;81.01
0.2;57;5614;4530;67;1084;80.69
0.2;58;5614;4529;77;1085;80.67
0.2;59;5614;4502;91;1112;80.19
0.2;60;5614;4481;77;1133;79.82
0.2;61;5614;4495;82;1119;80.07
0.2;62;5614;4523;93;1091;80.57
0.2;63;5614;4512;78;1102;80.37
0.2;64;5614;4516;82;1098;80.44
0.2;65;5614;4477;76;1137;79.75
0.2;66;5614;4491;80;1123;80.00
0.2;67;5614;4514;69;1100;80.41
0.2;68;5614;4480;68;1134;79.80
0.2;69;5614;4481;75;1133;79.82
0.2;70;5614;4489;88;1125;79.96
0.2;71;5614;4496;79;1118;80.09
0.2;72;5614;4518;78;1096;80.48
0.2;73;5614;4503;75;1111;80.21
0.2;74;5614;4500;93;1114;80.16
0.2;75;5614;4526;76;1088;80.62
0.2;76;5614;4541;78;1073;80.89
0.2;77;5614;4486;78;1128;79.91
0.2;78;5614;4477;76;1137;79.75
0.2;79;5614;4531;83;1083;80.71
0.2;80;5614;4502;78;1112;80.19
0.2;81;5614;4534;80;1080;80.76
0.2;82;5614;4493;88;1121;80.03
0.2;83;5614;4477;82;1137;79.75
0.2;84;5614;4480;101;1134;79.80
0.2;85;5614;4530;75;1084;80.69
0.2;86;5614;4544;74;1070;80.94
0.2;87;5614;4486;80;1128;79.91
0.2;88;5614;4477;90;1137;79.75
0.2;89;5614;4503;85;1111;80.21
0.2;90;5614;4532;90;1082;80.73
0.2;91;5614;4514;78;1100;80.41
0.2;92;5614;4510;85;1104;80.33
0.2;93;5614;4483;87;1131;79.85
0.2;94;5614;4568;90;1046;81.37
0.2;95;5614;4525;71;1089;80.60
0.2;96;5614;4509;66;1105;80.32
0.2;97;5614;4478;84;1136;79.76
0.2;98;5614;4475;87;1139;79.71
0.2;99;5614;4502;82;1112;80.19
0.2;100;5614;4483;90;1131;79.85
0.3;1;8421;6770;124;1651;80.39
0.3;2;8421;6740;103;1681;80.04
0.3;3;8421;6695;128;1726;79.50
0.3;4;8421;6786;115;1635;80.58
0.3;5;8421;6733;121;1688;79.95
0.3;6;8421;6748;109;1673;80.13
0.3;7;8421;6754;107;1667;80.20
0.3;8;8421;6780;107;1641;80.51
0.3;9;8421;6751;106;1670;80.17
0.3;10;8421;6769;115;1652;80.38
0.3;11;8421;6780;114;1641;80.51
0.3;12;8421;6756;116;1665;80.23
0.3;13;8421;6796;111;1625;80.70
0.3;14;8421;6762;117;1659;80.30
0.3;15;8421;6778;120;1643;80.49
0.3;16;8421;6745;116;1676;80.10
0.3;17;8421;6776;112;1645;80.47
0.3;18;8421;6734;118;1687;79.97
0.3;19;8421;6739;117;1682;80.03
0.3;20;8421;6820;125;1601;80.99
0.3;21;8421;6722;116;1699;79.82
0.3;22;8421;6741;139;1680;80.05
0.3;23;8421;6762;112;1659;80.30
0.3;24;8421;6700;127;1721;79.56
0.3;25;8421;6736;120;1685;79.99
0.3;26;8421;6784;124;1637;80.56
0.3;27;8421;6747;106;1674;80.12
0.3;28;8421;6760;116;1661;80.28
0.3;29;8421;6779;117;1642;80.50
0.3;30;8421;6749;121;1672;80.14
0.3;31;8421;6744;116;1677;80.09
0.3;32;8421;6807;137;1614;80.83
0.3;33;8421;6706;131;1715;79.63
0.3;34;8421;6805;124;1616;80.81
0.3;35;8421;6730;120;1691;79.92
0.3;36;8421;6782;132;1639;80.54
0.3;37;8421;6748;108;1673;80.13
0.3;38;8421;6808;117;1613;80.85
0.3;39;8421;6754;124;1667;80.20
0.3;40;8421;6774;131;1647;80.44
0.3;41;8421;6819;113;1602;80.98
0.3;42;8421;6726;129;1695;79.87
0.3;43;8421;6724;120;1697;79.85
0.3;44;8421;6764;116;1657;80.32
0.3;45;8421;6773;127;1648;80.43
0.3;46;8421;6764;131;1657;80.32
0.3;47;8421;6805;132;1616;80.81
0.3;48;8421;6789;112;1632;80.62
0.3;49;8421;6773;115;1648;80.43
0.3;50;8421;6716;108;1705;79.75
0.3;51;8421;6788;118;1633;80.61
0.3;52;8421;6775;121;1646;80.45
0.3;53;8421;6761;129;1660;80.29
0.3;54;8421;6752;99;1669;80.18
0.3;55;8421;6710;109;1711;79.68
0.3;56;8421;6727;118;1694;79.88
0.3;57;8421;6704;107;1717;79.61
0.3;58;8421;6794;102;1627;80.68
0.3;59;8421;6749;121;1672;80.14
0.3;60;8421;6799;132;1622;80.74
0.3;61;8421;6723;111;1698;79.84
0.3;62;8421;6724;114;1697;79.85
0.3;63;8421;6692;115;1729;79.47
0.3;64;8421;6761;117;1660;80.29
0.3;65;8421;6744;118;1677;80.09
0.3;66;8421;6718;132;1703;79.78
0.3;67;8421;6712;126;1709;79.71
0.3;68;8421;6750;137;1671;80.16
0.3;69;8421;6742;110;1679;80.06
0.3;70;8421;6773;114;1648;80.43
0.3;71;8421;6792;93;1629;80.66
0.3;72;8421;6767;121;1654;80.36
0.3;73;8421;6776;109;1645;80.47
0.3;74;8421;6774;117;1647;80.44
0.3;75;8421;6774;119;1647;80.44
0.3;76;8421;6740;117;1681;80.04
0.3;77;8421;6740;135;1681;80.04
0.3;78;8421;6728;119;1693;79.90
0.3;79;8421;6786;121;1635;80.58
0.3;80;8421;6753;113;1668;80.19
0.3;81;8421;6767;139;1654;80.36
0.3;82;8421;6804;121;1617;80.80
0.3;83;8421;6824;117;1597;81.04
0.3;84;8421;6762;125;1659;80.30
0.3;85;8421;6762;117;1659;80.30
0.3;86;8421;6780;121;1641;80.51
0.3;87;8421;6728;106;1693;79.90
0.3;88;8421;6799;123;1622;80.74
0.3;89;8421;6760;136;1661;80.28
0.3;90;8421;6772;106;1649;80.42
0.3;91;8421;6724;113;1697;79.85
0.3;92;8421;6825;120;1596;81.05
0.3;93;8421;6784;122;1637;80.56
0.3;94;8421;6778;105;1643;80.49
0.3;95;8421;6738;121;1683;80.01
0.3;96;8421;6754;130;1667;80.20
0.3;97;8421;6716;113;1705;79.75
0.3;98;8421;6730;116;1691;79.92
0.3;99;8421;6736;108;1685;79.99
0.3;100;8421;6799;122;1622;80.74
0.4;1;11228;9026;171;2202;80.39
0.4;2;11228;9007;160;2221;80.22
0.4;3;11228;9049;159;2179;80.59
0.4;4;11228;9053;149;2175;80.63
0.4;5;11228;8989;168;2239;80.06
0.4;6;11228;8969;157;2259;79.88
0.4;7;11228;8965;158;2263;79.85
0.4;8;11228;9050;189;2178;80.60
0.4;9;11228;8982;151;2246;80.00
0.4;10;11228;9041;163;2187;80.52
0.4;11;11228;9030;158;2198;80.42
0.4;12;11228;8963;181;2265;79.83
0.4;13;11228;9019;161;2209;80.33
0.4;14;11228;9011;152;2217;80.25
0.4;15;11228;8956;141;2272;79.76
0.4;16;11228;8990;155;2238;80.07
0.4;17;11228;8982;164;2246;80.00
0.4;18;11228;8960;154;2268;79.80
0.4;19;11228;8994;155;2234;80.10
0.4;20;11228;8999;157;2229;80.15
0.4;21;11228;9009;177;2219;80.24
0.4;22;11228;9023;152;2205;80.36
0.4;23;11228;8976;152;2252;79.94
0.4;24;11228;8925;170;2303;79.49
0.4;25;11228;9011;178;2217;80.25
0.4;26;11228;9040;161;2188;80.51
0.4;27;11228;9059;160;2169;80.68
0.4;28;11228;9002;163;2226;80.17
0.4;29;11228;8980;170;2248;79.98
0.4;30;11228;8993;160;2235;80.09
0.4;31;11228;9051;162;2177;80.61
0.4;32;11228;9045;157;2183;80.56
0.4;33;11228;9017;169;2211;80.31
0.4;34;11228;8990;165;2238;80.07
0.4;35;11228;8975;159;2253;79.93
0.4;36;11228;9012;152;2216;80.26
0.4;37;11228;9039;159;2189;80.50
0.4;38;11228;8935;159;2293;79.58
0.4;39;11228;8990;152;2238;80.07
0.4;40;11228;8949;169;2279;79.70
0.4;41;11228;9027;152;2201;80.40
0.4;42;11228;9005;161;2223;80.20
0.4;43;11228;9005;153;2223;80.20
0.4;44;11228;8970;168;2258;79.89
0.4;45;11228;9033;171;2195;80.45
0.4;46;11228;8998;167;2230;80.14
0.4;47;11228;8998;161;2230;80.14
0.4;48;11228;9006;145;2222;80.21
0.4;49;11228;9038;170;2190;80.50
0.4;50;11228;9026;156;2202;80.39
0.4;51;11228;8982;174;2246;80.00
0.4;52;11228;8988;167;2240;80.05
0.4;53;11228;9065;161;2163;80.74
0.4;54;11228;9011;165;2217;80.25
0.4;55;11228;9026;168;2202;80.39
0.4;56;11228;8985;160;2243;80.02
0.4;57;11228;8995;168;2233;80.11
0.4;58;11228;8987;149;2241;80.04
0.4;59;11228;9049;160;2179;80.59
0.4;60;11228;8979;172;2249;79.97
0.4;61;11228;9037;158;2191;80.49
0.4;62;11228;9027;154;2201;80.40
0.4;63;11228;9047;175;2181;80.58
0.4;64;11228;9028;159;2200;80.41
0.4;65;11228;9037;182;2191;80.49
0.4;66;11228;9010;147;2218;80.25
0.4;67;11228;8939;158;2289;79.61
0.4;68;11228;8973;177;2255;79.92
0.4;69;11228;8984;165;2244;80.01
0.4;70;11228;9035;143;2193;80.47
0.4;71;11228;8974;164;2254;79.93
0.4;72;11228;9044;153;2184;80.55
0.4;73;11228;9036;172;2192;80.48
0.4;74;11228;9001;153;2227;80.17
0.4;75;11228;8988;174;2240;80.05
0.4;76;11228;9002;167;2226;80.17
0.4;77;11228;8970;154;2258;79.89
0.4;78;11228;9017;178;2211;80.31
0.4;79;11228;9019;170;2209;80.33
0.4;80;11228;9011;141;2217;80.25
0.4;81;11228;9019;162;2209;80.33
0.4;82;11228;9061;159;2167;80.70
0.4;83;11228;8980;154;2248;79.98
0.4;84;11228;9017;151;2211;80.31
0.4;85;11228;9030;162;2198;80.42
0.4;86;11228;8995;167;2233;80.11
0.4;87;11228;8948;157;2280;79.69
0.4;88;11228;8985;168;2243;80.02
0.4;89;11228;9012;157;2216;80.26
0.4;90;11228;9006;160;2222;80.21
0.4;91;11228;9000;164;2228;80.16
0.4;92;11228;8987;153;2241;80.04
0.4;93;11228;9027;162;2201;80.40
0.4;94;11228;8964;180;2264;79.84
0.4;95;11228;9002;160;2226;80.17
0.4;96;11228;9056;152;2172;80.66
0.4;97;11228;8957;171;2271;79.77
0.4;98;11228;8942;163;2286;79.64
0.4;99;11228;8951;179;2277;79.72
0.4;100;11228;8983;169;2245;80.01
0.5;1;14035;11208;210;2827;79.86
0.5;2;14035;11270;198;2765;80.30
0.5;3;14035;11272;195;2763;80.31
0.5;4;14035;11261;188;2774;80.24
0.5;5;14035;11258;209;2777;80.21
0.5;6;14035;11195;196;2840;79.76
0.5;7;14035;11279;204;2756;80.36
0.5;8;14035;11253;192;2782;80.18
0.5;9;14035;11246;192;2789;80.13
0.5;10;14035;11275;187;2760;80.33
0.5;11;14035;11235;209;2800;80.05
0.5;12;14035;11282;215;2753;80.38
0.5;13;14035;11250;201;2785;80.16
0.5;14;14035;11214;194;2821;79.90
0.5;15;14035;11234;185;2801;80.04
0.5;16;14035;11289;218;2746;80.43
0.5;17;14035;11245;191;2790;80.12
0.5;18;14035;11244;201;2791;80.11
0.5;19;14035;11281;220;2754;80.38
0.5;20;14035;11276;194;2759;80.34
0.5;21;14035;11254;182;2781;80.19
0.5;22;14035;11232;199;2803;80.03
0.5;23;14035;11256;217;2779;80.20
0.5;24;14035;11237;206;2798;80.06
0.5;25;14035;11261;209;2774;80.24
0.5;26;14035;11239;216;2796;80.08
0.5;27;14035;11227;207;2808;79.99
0.5;28;14035;11247;187;2788;80.14
0.5;29;14035;11280;201;2755;80.37
0.5;30;14035;11279;211;2756;80.36
0.5;31;14035;11233;199;2802;80.04
0.5;32;14035;11290;198;2745;80.44
0.5;33;14035;11321;189;2714;80.66
0.5;34;14035;11302;219;2733;80.53
0.5;35;14035;11240;209;2795;80.09
0.5;36;14035;11279;209;2756;80.36
0.5;37;14035;11266;198;2769;80.27
0.5;38;14035;11286;219;2749;80.41
0.5;39;14035;11309;208;2726;80.58
0.5;40;14035;11313;204;2722;80.61
0.5;41;14035;11258;207;2777;80.21
0.5;42;14035;11281;196;2754;80.38
0.5;43;14035;11279;204;2756;80.36
0.5;44;14035;11263;192;2772;80.25
0.5;45;14035;11299;191;2736;80.51
0.5;46;14035;11271;198;2764;80.31
0.5;47;14035;11270;189;2765;80.30
0.5;48;14035;11301;199;2734;80.52
0.5;49;14035;11217;212;2818;79.92
0.5;50;14035;11224;195;2811;79.97
0.5;51;14035;11250;200;2785;80.16
0.5;52;14035;11219;191;2816;79.94
0.5;53;14035;11301;179;2734;80.52
0.5;54;14035;11298;177;2737;80.50
0.5;55;14035;11224;172;2811;79.97
0.5;56;14035;11254;212;2781;80.19
0.5;57;14035;11238;202;2797;80.07
0.5;58;14035;11256;194;2779;80.20
0.5;59;14035;11261;200;2774;80.24
0.5;60;14035;11249;179;2786;80.15
0.5;61;14035;11247;215;2788;80.14
0.5;62;14035;11331;201;2704;80.73
0.5;63;14035;11243;202;2792;80.11
0.5;64;14035;11269;201;2766;80.29
0.5;65;14035;11174;197;2861;79.62
0.5;66;14035;11232;199;2803;80.03
0.5;67;14035;11225;199;2810;79.98
0.5;68;14035;11242;204;2793;80.10
0.5;69;14035;11268;197;2767;80.29
0.5;70;14035;11258;202;2777;80.21
0.5;71;14035;11231;194;2804;80.02
0.5;72;14035;11309;180;2726;80.58
0.5;73;14035;11278;197;2757;80.36
0.5;74;14035;11284;188;2751;80.40
0.5;75;14035;11281;188;2754;80.38
0.5;76;14035;11277;195;2758;80.35
0.5;77;14035;11218;212;2817;79.93
0.5;78;14035;11234;187;2801;80.04
0.5;79;14035;11249;201;2786;80.15
0.5;80;14035;11289;199;2746;80.43
0.5;81;14035;11244;204;2791;80.11
0.5;82;14035;11248;200;2787;80.14
0.5;83;14035;11275;191;2760;80.33
0.5;84;14035;11255;193;2780;80.19
0.5;85;14035;11238;190;2797;80.07
0.5;86;14035;11214;202;2821;79.90
0.5;87;14035;11270;198;2765;80.30
0.5;88;14035;11295;191;2740;80.48
0.5;89;14035;11273;195;2762;80.32
0.5;90;14035;11304;198;2731;80.54
0.5;91;14035;11226;193;2809;79.99
0.5;92;14035;11199;195;2836;79.79
0.5;93;14035;11263;204;2772;80.25
0.5;94;14035;11254;197;2781;80.19
0.5;95;14035;11268;200;2767;80.29
0.5;96;14035;11307;196;2728;80.56
0.5;97;14035;11312;187;2723;80.60
0.5;98;14035;11223;211;2812;79.96
0.5;99;14035;11240;193;2795;80.09
0.5;100;14035;11291;197;2744;80.45
0.6;1;16842;13570;226;3272;80.57
0.6;2;16842;13581;242;3261;80.64
0.6;3;16842;13508;244;3334;80.20
0.6;4;16842;13511;228;3331;80.22
0.6;5;16842;13569;240;3273;80.57
0.6;6;16842;13498;249;3344;80.14
0.6;7;16842;13505;249;3337;80.19
0.6;8;16842;13526;235;3316;80.31
0.6;9;16842;13590;238;3252;80.69
0.6;10;16842;13492;242;3350;80.11
0.6;11;16842;13478;241;3364;80.03
0.6;12;16842;13568;237;3274;80.56
0.6;13;16842;13508;225;3334;80.20
0.6;14;16842;13490;233;3352;80.10
0.6;15;16842;13537;234;3305;80.38
0.6;16;16842;13486;240;3356;80.07
0.6;17;16842;13488;244;3354;80.09
0.6;18;16842;13511;237;3331;80.22
0.6;19;16842;13534;229;3308;80.36
0.6;20;16842;13527;251;3315;80.32
0.6;21;16842;13539;240;3303;80.39
0.6;22;16842;13542;247;3300;80.41
0.6;23;16842;13531;235;3311;80.34
0.6;24;16842;13553;244;3289;80.47
0.6;25;16842;13503;232;3339;80.17
0.6;26;16842;13538;232;3304;80.38
0.6;27;16842;13505;240;3337;80.19
0.6;28;16842;13528;226;3314;80.32
0.6;29;16842;13499;229;3343;80.15
0.6;30;16842;13485;238;3357;80.07
0.6;31;16842;13544;244;3298;80.42
0.6;32;16842;13517;254;3325;80.26
0.6;33;16842;13546;242;3296;80.43
0.6;34;16842;13565;259;3277;80.54
0.6;35;16842;13542;226;3300;80.41
0.6;36;16842;13510;239;3332;80.22
0.6;37;16842;13556;248;3286;80.49
0.6;38;16842;13538;229;3304;80.38
0.6;39;16842;13526;237;3316;80.31
0.6;40;16842;13491;234;3351;80.10
0.6;41;16842;13536;254;3306;80.37
0.6;42;16842;13481;223;3361;80.04
0.6;43;16842;13441;253;3401;79.81
0.6;44;16842;13554;255;3288;80.48
0.6;45;16842;13518;235;3324;80.26
0.6;46;16842;13478;243;3364;80.03
0.6;47;16842;13458;241;3384;79.91
0.6;48;16842;13539;251;3303;80.39
0.6;49;16842;13424;241;3418;79.71
0.6;50;16842;13541;223;3301;80.40
0.6;51;16842;13501;230;3341;80.16
0.6;52;16842;13485;240;3357;80.07
0.6;53;16842;13519;235;3323;80.27
0.6;54;16842;13512;231;3330;80.23
0.6;55;16842;13548;246;3294;80.44
0.6;56;16842;13563;249;3279;80.53
0.6;57;16842;13484;234;3358;80.06
0.6;58;16842;13499;247;3343;80.15
0.6;59;16842;13507;239;3335;80.20
0.6;60;16842;13525;239;3317;80.31
0.6;61;16842;13497;242;3345;80.14
0.6;62;16842;13513;224;3329;80.23
0.6;63;16842;13437;251;3405;79.78
0.6;64;16842;13563;233;3279;80.53
0.6;65;16842;13534;245;3308;80.36
0.6;66;16842;13516;251;3326;80.25
0.6;67;16842;13512;236;3330;80.23
0.6;68;16842;13552;241;3290;80.47
0.6;69;16842;13472;228;3370;79.99
0.6;70;16842;13523;232;3319;80.29
0.6;71;16842;13528;237;3314;80.32
0.6;72;16842;13511;224;3331;80.22
0.6;73;16842;13549;251;3293;80.45
0.6;74;16842;13520;233;3322;80.28
0.6;75;16842;13514;247;3328;80.24
0.6;76;16842;13512;245;3330;80.23
0.6;77;16842;13537;241;3305;80.38
0.6;78;16842;13574;266;3268;80.60
0.6;79;16842;13509;242;3333;80.21
0.6;80;16842;13542;248;3300;80.41
0.6;81;16842;13500;229;3342;80.16
0.6;82;16842;13557;238;3285;80.50
0.6;83;16842;13498;244;3344;80.14
0.6;84;16842;13569;237;3273;80.57
0.6;85;16842;13528;228;3314;80.32
0.6;86;16842;13539;245;3303;80.39
0.6;87;16842;13564;237;3278;80.54
0.6;88;16842;13591;233;3251;80.70
0.6;89;16842;13500;236;3342;80.16
0.6;90;16842;13611;244;3231;80.82
0.6;91;16842;13457;235;3385;79.90
0.6;92;16842;13509;223;3333;80.21
0.6;93;16842;13499;233;3343;80.15
0.6;94;16842;13520;245;3322;80.28
0.6;95;16842;13471;222;3371;79.98
0.6;96;16842;13517;234;3325;80.26
0.6;97;16842;13420;228;3422;79.68
0.6;98;16842;13569;233;3273;80.57
0.6;99;16842;13509;231;3333;80.21
0.6;100;16842;13518;224;3324;80.26
0.7;1;19649;15739;266;3910;80.10
0.7;2;19649;15787;284;3862;80.35
0.7;3;19649;15810;269;3839;80.46
0.7;4;19649;15736;268;3913;80.09
0.7;5;19649;15800;278;3849;80.41
0.7;6;19649;15793;278;3856;80.38
0.7;7;19649;15752;294;3897;80.17
0.7;8;19649;15747;263;3902;80.14
0.7;9;19649;15804;284;3845;80.43
0.7;10;19649;15775;270;3874;80.28
0.7;11;19649;15738;283;3911;80.10
0.7;12;19649;15739;283;3910;80.10
0.7;13;19649;15727;279;3922;80.04
0.7;14;19649;15718;290;3931;79.99
0.7;15;19649;15828;287;3821;80.55
0.7;16;19649;15763;264;3886;80.22
0.7;17;19649;15827;274;3822;80.55
0.7;18;19649;15709;266;3940;79.95
0.7;19;19649;15756;274;3893;80.19
0.7;20;19649;15792;278;3857;80.37
0.7;21;19649;15705;268;3944;79.93
0.7;22;19649;15747;285;3902;80.14
0.7;23;19649;15758;273;3891;80.20
0.7;24;19649;15739;272;3910;80.10
0.7;25;19649;15746;273;3903;80.14
0.7;26;19649;15775;287;3874;80.28
0.7;27;19649;15770;283;3879;80.26
0.7;28;19649;15799;294;3850;80.41
0.7;29;19649;15738;287;3911;80.10
0.7;30;19649;15789;270;3860;80.36
0.7;31;19649;15825;287;3824;80.54
0.7;32;19649;15745;299;3904;80.13
0.7;33;19649;15756;271;3893;80.19
0.7;34;19649;15707;269;3942;79.94
0.7;35;19649;15717;280;3932;79.99
0.7;36;19649;15719;284;3930;80.00
0.7;37;19649;15772;294;3877;80.27
0.7;38;19649;15832;292;3817;80.57
0.7;39;19649;15759;268;3890;80.20
0.7;40;19649;15761;271;3888;80.21
0.7;41;19649;15732;283;3917;80.07
0.7;42;19649;15770;278;3879;80.26
0.7;43;19649;15760;269;3889;80.21
0.7;44;19649;15774;285;3875;80.28
0.7;45;19649;15759;283;3890;80.20
0.7;46;19649;15810;283;3839;80.46
0.7;47;19649;15723;293;3926;80.02
0.7;48;19649;15788;275;3861;80.35
0.7;49;19649;15767;285;3882;80.24
0.7;50;19649;15767;278;3882;80.24
0.7;51;19649;15745;276;3904;80.13
0.7;52;19649;15772;272;3877;80.27
0.7;53;19649;15756;281;3893;80.19
0.7;54;19649;15786;266;3863;80.34
0.7;55;19649;15766;273;3883;80.24
0.7;56;19649;15685;272;3964;79.83
0.7;57;19649;15744;278;3905;80.13
0.7;58;19649;15808;285;3841;80.45
0.7;59;19649;15763;273;3886;80.22
0.7;60;19649;15773;272;3876;80.27
0.7;61;19649;15822;280;3827;80.52
0.7;62;19649;15756;273;3893;80.19
0.7;63;19649;15779;266;3870;80.30
0.7;64;19649;15775;285;3874;80.28
0.7;65;19649;15738;283;3911;80.10
0.7;66;19649;15779;293;3870;80.30
0.7;67;19649;15824;285;3825;80.53
0.7;68;19649;15769;290;3880;80.25
0.7;69;19649;15741;276;3908;80.11
0.7;70;19649;15758;268;3891;80.20
0.7;71;19649;15755;285;3894;80.18
0.7;72;19649;15818;279;3831;80.50
0.7;73;19649;15750;268;3899;80.16
0.7;74;19649;15762;276;3887;80.22
0.7;75;19649;15755;280;3894;80.18
0.7;76;19649;15779;273;3870;80.30
0.7;77;19649;15753;285;3896;80.17
0.7;78;19649;15720;277;3929;80.00
0.7;79;19649;15779;269;3870;80.30
0.7;80;19649;15702;280;3947;79.91
0.7;81;19649;15775;279;3874;80.28
0.7;82;19649;15751;269;3898;80.16
0.7;83;19649;15783;278;3866;80.32
0.7;84;19649;15776;278;3873;80.29
0.7;85;19649;15770;276;3879;80.26
0.7;86;19649;15775;270;3874;80.28
0.7;87;19649;15783;266;3866;80.32
0.7;88;19649;15753;273;3896;80.17
0.7;89;19649;15756;271;3893;80.19
0.7;90;19649;15722;286;3927;80.01
0.7;91;19649;15789;284;3860;80.36
0.7;92;19649;15728;278;3921;80.04
0.7;93;19649;15726;274;3923;80.03
0.7;94;19649;15752;278;3897;80.17
0.7;95;19649;15728;249;3921;80.04
0.7;96;19649;15774;288;3875;80.28
0.7;97;19649;15780;283;3869;80.31
0.7;98;19649;15716;278;3933;79.98
0.7;99;19649;15750;286;3899;80.16
0.7;100;19649;15770;282;3879;80.26
0.8;1;22456;18010;307;4446;80.20
0.8;2;22456;18029;327;4427;80.29
0.8;3;22456;17978;326;4478;80.06
0.8;4;22456;17979;310;4477;80.06
0.8;5;22456;18001;333;4455;80.16
0.8;6;22456;18014;308;4442;80.22
0.8;7;22456;18056;312;4400;80.41
0.8;8;22456;18000;328;4456;80.16
0.8;9;22456;17996;325;4460;80.14
0.8;10;22456;17979;316;4477;80.06
0.8;11;22456;17976;321;4480;80.05
0.8;12;22456;17989;327;4467;80.11
0.8;13;22456;17971;324;4485;80.03
0.8;14;22456;18016;315;4440;80.23
0.8;15;22456;18047;324;4409;80.37
0.8;16;22456;17986;323;4470;80.09
0.8;17;22456;18005;320;4451;80.18
0.8;18;22456;17994;322;4462;80.13
0.8;19;22456;18014;327;4442;80.22
0.8;20;22456;18021;320;4435;80.25
0.8;21;22456;17985;328;4471;80.09
0.8;22;22456;18003;323;4453;80.17
0.8;23;22456;18039;300;4417;80.33
0.8;24;22456;18098;322;4358;80.59
0.8;25;22456;18015;309;4441;80.22
0.8;26;22456;18011;327;4445;80.21
0.8;27;22456;18068;316;4388;80.46
0.8;28;22456;18026;331;4430;80.27
0.8;29;22456;18030;313;4426;80.29
0.8;30;22456;18013;333;4443;80.21
0.8;31;22456;18013;315;4443;80.21
0.8;32;22456;18070;316;4386;80.47
0.8;33;22456;17995;331;4461;80.13
0.8;34;22456;17975;333;4481;80.05
0.8;35;22456;18001;322;4455;80.16
0.8;36;22456;18045;325;4411;80.36
0.8;37;22456;18012;318;4444;80.21
0.8;38;22456;18010;323;4446;80.20
0.8;39;22456;18015;316;4441;80.22
0.8;40;22456;18004;307;4452;80.17
0.8;41;22456;17990;326;4466;80.11
0.8;42;22456;18029;326;4427;80.29
0.8;43;22456;17989;323;4467;80.11
0.8;44;22456;17987;299;4469;80.10
0.8;45;22456;18037;329;4419;80.32
0.8;46;22456;17995;312;4461;80.13
0.8;47;22456;18050;325;4406;80.38
0.8;48;22456;18074;309;4382;80.49
0.8;49;22456;18013;331;4443;80.21
0.8;50;22456;18042;334;4414;80.34
0.8;51;22456;17961;312;4495;79.98
0.8;52;22456;18056;313;4400;80.41
0.8;53;22456;18022;316;4434;80.25
0.8;54;22456;18005;317;4451;80.18
0.8;55;22456;18007;327;4449;80.19
0.8;56;22456;18039;313;4417;80.33
0.8;57;22456;18075;319;4381;80.49
0.8;58;22456;18020;334;4436;80.25
0.8;59;22456;18028;316;4428;80.28
0.8;60;22456;17997;323;4459;80.14
0.8;61;22456;18010;316;4446;80.20
0.8;62;22456;18049;318;4407;80.37
0.8;63;22456;18051;316;4405;80.38
0.8;64;22456;18014;331;4442;80.22
0.8;65;22456;18038;319;4418;80.33
0.8;66;22456;17996;321;4460;80.14
0.8;67;22456;18016;322;4440;80.23
0.8;68;22456;18002;322;4454;80.17
0.8;69;22456;18003;317;4453;80.17
0.8;70;22456;18043;320;4413;80.35
0.8;71;22456;18002;312;4454;80.17
0.8;72;22456;18013;315;4443;80.21
0.8;73;22456;18019;316;4437;80.24
0.8;74;22456;18042;315;4414;80.34
0.8;75;22456;18026;318;4430;80.27
0.8;76;22456;18025;313;4431;80.27
0.8;77;22456;18026;324;4430;80.27
0.8;78;22456;18029;323;4427;80.29
0.8;79;22456;18036;307;4420;80.32
0.8;80;22456;18057;323;4399;80.41
0.8;81;22456;18028;320;4428;80.28
0.8;82;22456;18038;319;4418;80.33
0.8;83;22456;17977;311;4479;80.05
0.8;84;22456;17988;325;4468;80.10
0.8;85;22456;18007;314;4449;80.19
0.8;86;22456;18043;334;4413;80.35
0.8;87;22456;18026;330;4430;80.27
0.8;88;22456;18034;311;4422;80.31
0.8;89;22456;18054;315;4402;80.40
0.8;90;22456;18021;309;4435;80.25
0.8;91;22456;18014;322;4442;80.22
0.8;92;22456;18010;321;4446;80.20
0.8;93;22456;17965;323;4491;80.00
0.8;94;22456;18062;312;4394;80.43
0.8;95;22456;18045;314;4411;80.36
0.8;96;22456;18039;329;4417;80.33
0.8;97;22456;18055;319;4401;80.40
0.8;98;22456;18046;321;4410;80.36
0.8;99;22456;18035;335;4421;80.31
0.8;100;22456;18009;317;4447;80.20
0.9;1;25263;20253;350;5010;80.17
0.9;2;25263;20284;363;4979;80.29
0.9;3;25263;20236;347;5027;80.10
0.9;4;25263;20245;349;5018;80.14
0.9;5;25263;20271;365;4992;80.24
0.9;6;25263;20249;350;5014;80.15
0.9;7;25263;20278;348;4985;80.27
0.9;8;25263;20273;353;4990;80.25
0.9;9;25263;20255;356;5008;80.18
0.9;10;25263;20257;356;5006;80.18
0.9;11;25263;20253;353;5010;80.17
0.9;12;25263;20250;354;5013;80.16
0.9;13;25263;20279;356;4984;80.27
0.9;14;25263;20222;361;5041;80.05
0.9;15;25263;20232;368;5031;80.09
0.9;16;25263;20314;366;4949;80.41
0.9;17;25263;20276;362;4987;80.26
0.9;18;25263;20295;363;4968;80.33
0.9;19;25263;20282;358;4981;80.28
0.9;20;25263;20261;367;5002;80.20
0.9;21;25263;20308;362;4955;80.39
0.9;22;25263;20231;346;5032;80.08
0.9;23;25263;20261;349;5002;80.20
0.9;24;25263;20246;360;5017;80.14
0.9;25;25263;20276;361;4987;80.26
0.9;26;25263;20269;352;4994;80.23
0.9;27;25263;20267;349;4996;80.22
0.9;28;25263;20304;349;4959;80.37
0.9;29;25263;20268;360;4995;80.23
0.9;30;25263;20287;358;4976;80.30
0.9;31;25263;20294;357;4969;80.33
0.9;32;25263;20275;365;4988;80.26
0.9;33;25263;20263;364;5000;80.21
0.9;34;25263;20262;357;5001;80.20
0.9;35;25263;20225;354;5038;80.06
0.9;36;25263;20275;353;4988;80.26
0.9;37;25263;20258;353;5005;80.19
0.9;38;25263;20307;358;4956;80.38
0.9;39;25263;20277;364;4986;80.26
0.9;40;25263;20232;360;5031;80.09
0.9;41;25263;20242;375;5021;80.13
0.9;42;25263;20273;359;4990;80.25
0.9;43;25263;20272;355;4991;80.24
0.9;44;25263;20289;356;4974;80.31
0.9;45;25263;20282;358;4981;80.28
0.9;46;25263;20287;350;4976;80.30
0.9;47;25263;20287;362;4976;80.30
0.9;48;25263;20286;365;4977;80.30
0.9;49;25263;20303;353;4960;80.37
0.9;50;25263;20265;363;4998;80.22
0.9;51;25263;20247;369;5016;80.14
0.9;52;25263;20215;357;5048;80.02
0.9;53;25263;20265;356;4998;80.22
0.9;54;25263;20258;358;5005;80.19
0.9;55;25263;20289;355;4974;80.31
0.9;56;25263;20288;360;4975;80.31
0.9;57;25263;20294;359;4969;80.33
0.9;58;25263;20265;355;4998;80.22
0.9;59;25263;20261;368;5002;80.20
0.9;60;25263;20257;358;5006;80.18
0.9;61;25263;20254;352;5009;80.17
0.9;62;25263;20268;343;4995;80.23
0.9;63;25263;20218;358;5045;80.03
0.9;64;25263;20242;366;5021;80.13
0.9;65;25263;20286;349;4977;80.30
0.9;66;25263;20293;347;4970;80.33
0.9;67;25263;20265;349;4998;80.22
0.9;68;25263;20261;355;5002;80.20
0.9;69;25263;20321;363;4942;80.44
0.9;70;25263;20266;359;4997;80.22
0.9;71;25263;20249;355;5014;80.15
0.9;72;25263;20300;353;4963;80.35
0.9;73;25263;20293;359;4970;80.33
0.9;74;25263;20277;356;4986;80.26
0.9;75;25263;20257;358;5006;80.18
0.9;76;25263;20247;355;5016;80.14
0.9;77;25263;20245;360;5018;80.14
0.9;78;25263;20254;358;5009;80.17
0.9;79;25263;20292;362;4971;80.32
0.9;80;25263;20249;356;5014;80.15
0.9;81;25263;20280;364;4983;80.28
0.9;82;25263;20253;358;5010;80.17
0.9;83;25263;20261;361;5002;80.20
0.9;84;25263;20264;364;4999;80.21
0.9;85;25263;20250;358;5013;80.16
0.9;86;25263;20213;363;5050;80.01
0.9;87;25263;20283;366;4980;80.29
0.9;88;25263;20277;356;4986;80.26
0.9;89;25263;20255;350;5008;80.18
0.9;90;25263;20272;359;4991;80.24
0.9;91;25263;20278;350;4985;80.27
0.9;92;25263;20291;355;4972;80.32
0.9;93;25263;20291;348;4972;80.32
0.9;94;25263;20325;360;4938;80.45
0.9;95;25263;20259;353;5004;80.19
0.9;96;25263;20254;353;5009;80.17
0.9;97;25263;20289;358;4974;80.31
0.9;98;25263;20258;368;5005;80.19
0.9;99;25263;20263;362;5000;80.21
0.9;100;25263;20302;357;4961;80.36
